route,type,category,is_kota_based,kota,template,title,pattern
/about,pageLocation,about,no,,Template Generic Company,Tentang Kami,
/about/ai-statement,pageLocation,about,no,,Template Generic Company,AI Statement,
/contact,pageLocation,contact,no,,Template Generic Company,Hubungi Kami,
/jasa-cetak-buku-aceh-barat,serviceLocation,jasa-cetak-buku-aceh-barat,no,,Template Percetakan,Jasa cetak buku Aceh Barat Murah,
/jasa-cetak-buku-aceh-barat-daya,serviceLocation,jasa-cetak-buku-aceh-barat-daya,no,,Template Percetakan,Jasa cetak buku Aceh Barat Daya No 1,
/jasa-cetak-buku-aceh-besar,serviceLocation,jasa-cetak-buku-aceh-besar,no,,Template Percetakan,Jasa cetak buku Aceh Besar No 1,
/jasa-cetak-buku-aceh-jaya,serviceLocation,jasa-cetak-buku-aceh-jaya,no,,Template Percetakan,Jasa cetak buku Aceh Jaya Terbaik,
/jasa-cetak-buku-aceh-selatan,serviceLocation,jasa-cetak-buku-aceh-selatan,no,,Template Percetakan,Jasa cetak buku Aceh Selatan Terbaik,
/jasa-cetak-buku-aceh-singkil,serviceLocation,jasa-cetak-buku-aceh-singkil,no,,Template Percetakan,Jasa cetak buku Aceh Singkil No 1,
/jasa-cetak-buku-aceh-tamiang,serviceLocation,jasa-cetak-buku-aceh-tamiang,no,,Template Percetakan,Jasa cetak buku Aceh Tamiang Terbaik,
/jasa-cetak-buku-aceh-tengah,serviceLocation,jasa-cetak-buku-aceh-tengah,no,,Template Percetakan,Jasa cetak buku Aceh Tengah No 1,
/jasa-cetak-buku-aceh-tenggara,serviceLocation,jasa-cetak-buku-aceh-tenggara,no,,Template Percetakan,Jasa cetak buku Aceh Tenggara Cepat,
/jasa-cetak-buku-aceh-timur,serviceLocation,jasa-cetak-buku-aceh-timur,no,,Template Percetakan,Jasa cetak buku Aceh Timur Terbaik,
/jasa-cetak-buku-aceh-utara,serviceLocation,jasa-cetak-buku-aceh-utara,no,,Template Percetakan,Jasa cetak buku Aceh Utara Murah,
/jasa-cetak-buku-agam,serviceLocation,jasa-cetak-buku-agam,no,,Template Percetakan,Jasa cetak buku Agam Murah,
/jasa-cetak-buku-alor,serviceLocation,jasa-cetak-buku-alor,no,,Template Percetakan,Jasa cetak buku Alor No 1,
/jasa-cetak-buku-ambon,serviceLocation,jasa-cetak-buku-ambon,no,,Template Percetakan,Jasa cetak buku Ambon Cepat,
/jasa-cetak-buku-asahan,serviceLocation,jasa-cetak-buku-asahan,no,,Template Percetakan,Jasa cetak buku Asahan Terbaik,
/jasa-cetak-buku-asmat,serviceLocation,jasa-cetak-buku-asmat,no,,Template Percetakan,Jasa cetak buku Asmat Terbaik,
/jasa-cetak-buku-badung,serviceLocation,jasa-cetak-buku-badung,no,,Template Percetakan,Jasa cetak buku Badung No 1,
/jasa-cetak-buku-balangan,serviceLocation,jasa-cetak-buku-balangan,no,,Template Percetakan,Jasa cetak buku Balangan Murah,
/jasa-cetak-buku-balikpapan,serviceLocation,jasa-cetak-buku-balikpapan,no,,Template Percetakan,Jasa cetak buku Balikpapan No 1,
/jasa-cetak-buku-banda-aceh,serviceLocation,jasa-cetak-buku-banda-aceh,no,,Template Percetakan,Jasa cetak buku Banda Aceh Terbaik,
/jasa-cetak-buku-bandar-lampung,serviceLocation,jasa-cetak-buku-bandar-lampung,no,,Template Percetakan,Jasa cetak buku Bandar Lampung No 1,
/jasa-cetak-buku-banggai,serviceLocation,jasa-cetak-buku-banggai,no,,Template Percetakan,Jasa cetak buku Banggai Murah,
/jasa-cetak-buku-banggai-kepulauan,serviceLocation,jasa-cetak-buku-banggai-kepulauan,no,,Template Percetakan,Jasa cetak buku Banggai Kepulauan No 1,
/jasa-cetak-buku-banggai-laut,serviceLocation,jasa-cetak-buku-banggai-laut,no,,Template Percetakan,Jasa cetak buku Banggai Laut No 1,
/jasa-cetak-buku-bangka,serviceLocation,jasa-cetak-buku-bangka,no,,Template Percetakan,Jasa cetak buku Bangka Terbaik,
/jasa-cetak-buku-bangka-barat,serviceLocation,jasa-cetak-buku-bangka-barat,no,,Template Percetakan,Jasa cetak buku Bangka Barat Terbaik,
/jasa-cetak-buku-bangka-selatan,serviceLocation,jasa-cetak-buku-bangka-selatan,no,,Template Percetakan,Jasa cetak buku Bangka Selatan Murah,
/jasa-cetak-buku-bangka-tengah,serviceLocation,jasa-cetak-buku-bangka-tengah,no,,Template Percetakan,Jasa cetak buku Bangka Tengah Terbaik,
/jasa-cetak-buku-bangli,serviceLocation,jasa-cetak-buku-bangli,no,,Template Percetakan,Jasa cetak buku Bangli Murah,
/jasa-cetak-buku-banjar,serviceLocation,jasa-cetak-buku-banjar,no,,Template Percetakan,Jasa cetak buku Banjar Terbaik,
/jasa-cetak-buku-banjarbaru,serviceLocation,jasa-cetak-buku-banjarbaru,no,,Template Percetakan,Jasa cetak buku Banjarbaru Terbaik,
/jasa-cetak-buku-banjarmasin,serviceLocation,jasa-cetak-buku-banjarmasin,no,,Template Percetakan,Jasa cetak buku Banjarmasin Murah,
/jasa-cetak-buku-bantaeng,serviceLocation,jasa-cetak-buku-bantaeng,no,,Template Percetakan,Jasa cetak buku Bantaeng Cepat,
/jasa-cetak-buku-banyuasin,serviceLocation,jasa-cetak-buku-banyuasin,no,,Template Percetakan,Jasa cetak buku Banyuasin Murah,
/jasa-cetak-buku-barito-kuala,serviceLocation,jasa-cetak-buku-barito-kuala,no,,Template Percetakan,Jasa cetak buku Barito Kuala Terbaik,
/jasa-cetak-buku-barito-selatan,serviceLocation,jasa-cetak-buku-barito-selatan,no,,Template Percetakan,Jasa cetak buku Barito Selatan Terbaik,
/jasa-cetak-buku-barito-timur,serviceLocation,jasa-cetak-buku-barito-timur,no,,Template Percetakan,Jasa cetak buku Barito Timur Terbaik,
/jasa-cetak-buku-barito-utara,serviceLocation,jasa-cetak-buku-barito-utara,no,,Template Percetakan,Jasa cetak buku Barito Utara No 1,
/jasa-cetak-buku-barru,serviceLocation,jasa-cetak-buku-barru,no,,Template Percetakan,Jasa cetak buku Barru Terbaik,
/jasa-cetak-buku-batam,serviceLocation,jasa-cetak-buku-batam,no,,Template Percetakan,Jasa cetak buku Batam Cepat,
/jasa-cetak-buku-batanghari,serviceLocation,jasa-cetak-buku-batanghari,no,,Template Percetakan,Jasa cetak buku Batanghari Cepat,
/jasa-cetak-buku-batu-bara,serviceLocation,jasa-cetak-buku-batu-bara,no,,Template Percetakan,Jasa cetak buku Batu Bara Murah,
/jasa-cetak-buku-bau-bau,serviceLocation,jasa-cetak-buku-bau-bau,no,,Template Percetakan,Jasa cetak buku Bau-Bau No 1,
/jasa-cetak-buku-belitung,serviceLocation,jasa-cetak-buku-belitung,no,,Template Percetakan,Jasa cetak buku Belitung Murah,
/jasa-cetak-buku-belitung-timur,serviceLocation,jasa-cetak-buku-belitung-timur,no,,Template Percetakan,Jasa cetak buku Belitung Timur Cepat,
/jasa-cetak-buku-belu,serviceLocation,jasa-cetak-buku-belu,no,,Template Percetakan,Jasa cetak buku Belu No 1,
/jasa-cetak-buku-bener-meriah,serviceLocation,jasa-cetak-buku-bener-meriah,no,,Template Percetakan,Jasa cetak buku Bener Meriah No 1,
/jasa-cetak-buku-bengkalis,serviceLocation,jasa-cetak-buku-bengkalis,no,,Template Percetakan,Jasa cetak buku Bengkalis Cepat,
/jasa-cetak-buku-bengkayang,serviceLocation,jasa-cetak-buku-bengkayang,no,,Template Percetakan,Jasa cetak buku Bengkayang Murah,
/jasa-cetak-buku-bengkulu,serviceLocation,jasa-cetak-buku-bengkulu,no,,Template Percetakan,Jasa cetak buku Bengkulu Murah,
/jasa-cetak-buku-bengkulu-selatan,serviceLocation,jasa-cetak-buku-bengkulu-selatan,no,,Template Percetakan,Jasa cetak buku Bengkulu Selatan No 1,
/jasa-cetak-buku-bengkulu-tengah,serviceLocation,jasa-cetak-buku-bengkulu-tengah,no,,Template Percetakan,Jasa cetak buku Bengkulu Tengah Terbaik,
/jasa-cetak-buku-bengkulu-utara,serviceLocation,jasa-cetak-buku-bengkulu-utara,no,,Template Percetakan,Jasa cetak buku Bengkulu Utara No 1,
/jasa-cetak-buku-berau,serviceLocation,jasa-cetak-buku-berau,no,,Template Percetakan,Jasa cetak buku Berau Murah,
/jasa-cetak-buku-biak-numfor,serviceLocation,jasa-cetak-buku-biak-numfor,no,,Template Percetakan,Jasa cetak buku Biak Numfor Terbaik,
/jasa-cetak-buku-bima,serviceLocation,jasa-cetak-buku-bima,no,,Template Percetakan,Jasa cetak buku Bima Murah,
/jasa-cetak-buku-binjai,serviceLocation,jasa-cetak-buku-binjai,no,,Template Percetakan,Jasa cetak buku Binjai Cepat,
/jasa-cetak-buku-bintan,serviceLocation,jasa-cetak-buku-bintan,no,,Template Percetakan,Jasa cetak buku Bintan Murah,
/jasa-cetak-buku-bireuen,serviceLocation,jasa-cetak-buku-bireuen,no,,Template Percetakan,Jasa cetak buku Bireuen Murah,
/jasa-cetak-buku-bitung,serviceLocation,jasa-cetak-buku-bitung,no,,Template Percetakan,Jasa cetak buku Bitung Murah,
/jasa-cetak-buku-boalemo,serviceLocation,jasa-cetak-buku-boalemo,no,,Template Percetakan,Jasa cetak buku Boalemo No 1,
/jasa-cetak-buku-bolaang-mongondow,serviceLocation,jasa-cetak-buku-bolaang-mongondow,no,,Template Percetakan,Jasa cetak buku Bolaang Mongondow No 1,
/jasa-cetak-buku-bolaang-mongondow-selatan,serviceLocation,jasa-cetak-buku-bolaang-mongondow-selatan,no,,Template Percetakan,Jasa cetak buku Bolaang Mongondow Selatan No 1,
/jasa-cetak-buku-bolaang-mongondow-timur,serviceLocation,jasa-cetak-buku-bolaang-mongondow-timur,no,,Template Percetakan,Jasa cetak buku Bolaang Mongondow Timur No 1,
/jasa-cetak-buku-bolaang-mongondow-utara,serviceLocation,jasa-cetak-buku-bolaang-mongondow-utara,no,,Template Percetakan,Jasa cetak buku Bolaang Mongondow Utara Murah,
/jasa-cetak-buku-bombana,serviceLocation,jasa-cetak-buku-bombana,no,,Template Percetakan,Jasa cetak buku Bombana No 1,
/jasa-cetak-buku-bone,serviceLocation,jasa-cetak-buku-bone,no,,Template Percetakan,Jasa cetak buku Bone Terbaik,
/jasa-cetak-buku-bone-bolango,serviceLocation,jasa-cetak-buku-bone-bolango,no,,Template Percetakan,Jasa cetak buku Bone Bolango No 1,
/jasa-cetak-buku-bontang,serviceLocation,jasa-cetak-buku-bontang,no,,Template Percetakan,Jasa cetak buku Bontang Murah,
/jasa-cetak-buku-boven-digoel,serviceLocation,jasa-cetak-buku-boven-digoel,no,,Template Percetakan,Jasa cetak buku Boven Digoel Murah,
/jasa-cetak-buku-bukittinggi,serviceLocation,jasa-cetak-buku-bukittinggi,no,,Template Percetakan,Jasa cetak buku Bukittinggi Murah,
/jasa-cetak-buku-buleleng,serviceLocation,jasa-cetak-buku-buleleng,no,,Template Percetakan,Jasa cetak buku Buleleng No 1,
/jasa-cetak-buku-bulukumba,serviceLocation,jasa-cetak-buku-bulukumba,no,,Template Percetakan,Jasa cetak buku Bulukumba Terbaik,
/jasa-cetak-buku-bulungan,serviceLocation,jasa-cetak-buku-bulungan,no,,Template Percetakan,Jasa cetak buku Bulungan Murah,
/jasa-cetak-buku-bungo,serviceLocation,jasa-cetak-buku-bungo,no,,Template Percetakan,Jasa cetak buku Bungo Terbaik,
/jasa-cetak-buku-buol,serviceLocation,jasa-cetak-buku-buol,no,,Template Percetakan,Jasa cetak buku Buol Murah,
/jasa-cetak-buku-buru,serviceLocation,jasa-cetak-buku-buru,no,,Template Percetakan,Jasa cetak buku Buru No 1,
/jasa-cetak-buku-buru-selatan,serviceLocation,jasa-cetak-buku-buru-selatan,no,,Template Percetakan,Jasa cetak buku Buru Selatan Terbaik,
/jasa-cetak-buku-buton,serviceLocation,jasa-cetak-buku-buton,no,,Template Percetakan,Jasa cetak buku Buton Terbaik,
/jasa-cetak-buku-buton-selatan,serviceLocation,jasa-cetak-buku-buton-selatan,no,,Template Percetakan,Jasa cetak buku Buton Selatan Terbaik,
/jasa-cetak-buku-buton-tengah,serviceLocation,jasa-cetak-buku-buton-tengah,no,,Template Percetakan,Jasa cetak buku Buton Tengah Murah,
/jasa-cetak-buku-buton-utara,serviceLocation,jasa-cetak-buku-buton-utara,no,,Template Percetakan,Jasa cetak buku Buton Utara Murah,
/jasa-cetak-buku-dairi,serviceLocation,jasa-cetak-buku-dairi,no,,Template Percetakan,Jasa cetak buku Dairi Terbaik,
/jasa-cetak-buku-deiyai,serviceLocation,jasa-cetak-buku-deiyai,no,,Template Percetakan,Jasa cetak buku Deiyai Terbaik,
/jasa-cetak-buku-deli-serdang,serviceLocation,jasa-cetak-buku-deli-serdang,no,,Template Percetakan,Jasa cetak buku Deli Serdang Cepat,
/jasa-cetak-buku-denpasar,serviceLocation,jasa-cetak-buku-denpasar,no,,Template Percetakan,Jasa cetak buku Denpasar Cepat,
/jasa-cetak-buku-dharmasraya,serviceLocation,jasa-cetak-buku-dharmasraya,no,,Template Percetakan,Jasa cetak buku Dharmasraya Cepat,
/jasa-cetak-buku-dogiyai,serviceLocation,jasa-cetak-buku-dogiyai,no,,Template Percetakan,Jasa cetak buku Dogiyai Cepat,
/jasa-cetak-buku-dompu,serviceLocation,jasa-cetak-buku-dompu,no,,Template Percetakan,Jasa cetak buku Dompu Terbaik,
/jasa-cetak-buku-donggala,serviceLocation,jasa-cetak-buku-donggala,no,,Template Percetakan,Jasa cetak buku Donggala Cepat,
/jasa-cetak-buku-dumai,serviceLocation,jasa-cetak-buku-dumai,no,,Template Percetakan,Jasa cetak buku Dumai No 1,
/jasa-cetak-buku-empat-lawang,serviceLocation,jasa-cetak-buku-empat-lawang,no,,Template Percetakan,Jasa cetak buku Empat Lawang No 1,
/jasa-cetak-buku-ende,serviceLocation,jasa-cetak-buku-ende,no,,Template Percetakan,Jasa cetak buku Ende No 1,
/jasa-cetak-buku-enrekang,serviceLocation,jasa-cetak-buku-enrekang,no,,Template Percetakan,Jasa cetak buku Enrekang Murah,
/jasa-cetak-buku-fakfak,serviceLocation,jasa-cetak-buku-fakfak,no,,Template Percetakan,Jasa cetak buku Fakfak Murah,
/jasa-cetak-buku-flores-timur,serviceLocation,jasa-cetak-buku-flores-timur,no,,Template Percetakan,Jasa cetak buku Flores Timur No 1,
/jasa-cetak-buku-gayo-lues,serviceLocation,jasa-cetak-buku-gayo-lues,no,,Template Percetakan,Jasa cetak buku Gayo Lues Cepat,
/jasa-cetak-buku-gianyar,serviceLocation,jasa-cetak-buku-gianyar,no,,Template Percetakan,Jasa cetak buku Gianyar Murah,
/jasa-cetak-buku-gorontalo,serviceLocation,jasa-cetak-buku-gorontalo,no,,Template Percetakan,Jasa cetak buku Gorontalo Murah,
/jasa-cetak-buku-gorontalo-utara,serviceLocation,jasa-cetak-buku-gorontalo-utara,no,,Template Percetakan,Jasa cetak buku Gorontalo Utara Murah,
/jasa-cetak-buku-gowa,serviceLocation,jasa-cetak-buku-gowa,no,,Template Percetakan,Jasa cetak buku Gowa Terbaik,
/jasa-cetak-buku-gunung-mas,serviceLocation,jasa-cetak-buku-gunung-mas,no,,Template Percetakan,Jasa cetak buku Gunung Mas Murah,
/jasa-cetak-buku-gunungsitoli,serviceLocation,jasa-cetak-buku-gunungsitoli,no,,Template Percetakan,Jasa cetak buku Gunungsitoli No 1,
/jasa-cetak-buku-halmahera-barat,serviceLocation,jasa-cetak-buku-halmahera-barat,no,,Template Percetakan,Jasa cetak buku Halmahera Barat Terbaik,
/jasa-cetak-buku-halmahera-selatan,serviceLocation,jasa-cetak-buku-halmahera-selatan,no,,Template Percetakan,Jasa cetak buku Halmahera Selatan Murah,
/jasa-cetak-buku-halmahera-tengah,serviceLocation,jasa-cetak-buku-halmahera-tengah,no,,Template Percetakan,Jasa cetak buku Halmahera Tengah Murah,
/jasa-cetak-buku-halmahera-timur,serviceLocation,jasa-cetak-buku-halmahera-timur,no,,Template Percetakan,Jasa cetak buku Halmahera Timur Murah,
/jasa-cetak-buku-halmahera-utara,serviceLocation,jasa-cetak-buku-halmahera-utara,no,,Template Percetakan,Jasa cetak buku Halmahera Utara Cepat,
/jasa-cetak-buku-hulu-sungai-selatan,serviceLocation,jasa-cetak-buku-hulu-sungai-selatan,no,,Template Percetakan,Jasa cetak buku Hulu Sungai Selatan Terbaik,
/jasa-cetak-buku-hulu-sungai-tengah,serviceLocation,jasa-cetak-buku-hulu-sungai-tengah,no,,Template Percetakan,Jasa cetak buku Hulu Sungai Tengah Murah,
/jasa-cetak-buku-hulu-sungai-utara,serviceLocation,jasa-cetak-buku-hulu-sungai-utara,no,,Template Percetakan,Jasa cetak buku Hulu Sungai Utara Terbaik,
/jasa-cetak-buku-humbang-hasundutan,serviceLocation,jasa-cetak-buku-humbang-hasundutan,no,,Template Percetakan,Jasa cetak buku Humbang Hasundutan Cepat,
/jasa-cetak-buku-indragiri-hilir,serviceLocation,jasa-cetak-buku-indragiri-hilir,no,,Template Percetakan,Jasa cetak buku Indragiri Hilir Terbaik,
/jasa-cetak-buku-indragiri-hulu,serviceLocation,jasa-cetak-buku-indragiri-hulu,no,,Template Percetakan,Jasa cetak buku Indragiri Hulu Cepat,
/jasa-cetak-buku-intan-jaya,serviceLocation,jasa-cetak-buku-intan-jaya,no,,Template Percetakan,Jasa cetak buku Intan Jaya Murah,
/jasa-cetak-buku-jambi,serviceLocation,jasa-cetak-buku-jambi,no,,Template Percetakan,Jasa cetak buku Jambi Terbaik,
/jasa-cetak-buku-jayapura,serviceLocation,jasa-cetak-buku-jayapura,no,,Template Percetakan,Jasa cetak buku Jayapura Murah,
/jasa-cetak-buku-jayawijaya,serviceLocation,jasa-cetak-buku-jayawijaya,no,,Template Percetakan,Jasa cetak buku Jayawijaya No 1,
/jasa-cetak-buku-jembrana,serviceLocation,jasa-cetak-buku-jembrana,no,,Template Percetakan,Jasa cetak buku Jembrana No 1,
/jasa-cetak-buku-jeneponto,serviceLocation,jasa-cetak-buku-jeneponto,no,,Template Percetakan,Jasa cetak buku Jeneponto Cepat,
/jasa-cetak-buku-kaimana,serviceLocation,jasa-cetak-buku-kaimana,no,,Template Percetakan,Jasa cetak buku Kaimana No 1,
/jasa-cetak-buku-kampar,serviceLocation,jasa-cetak-buku-kampar,no,,Template Percetakan,Jasa cetak buku Kampar Murah,
/jasa-cetak-buku-kapuas,serviceLocation,jasa-cetak-buku-kapuas,no,,Template Percetakan,Jasa cetak buku Kapuas Terbaik,
/jasa-cetak-buku-kapuas-hulu,serviceLocation,jasa-cetak-buku-kapuas-hulu,no,,Template Percetakan,Jasa cetak buku Kapuas Hulu No 1,
/jasa-cetak-buku-karangasem,serviceLocation,jasa-cetak-buku-karangasem,no,,Template Percetakan,Jasa cetak buku Karangasem Murah,
/jasa-cetak-buku-karimun,serviceLocation,jasa-cetak-buku-karimun,no,,Template Percetakan,Jasa cetak buku Karimun Terbaik,
/jasa-cetak-buku-karo,serviceLocation,jasa-cetak-buku-karo,no,,Template Percetakan,Jasa cetak buku Karo Cepat,
/jasa-cetak-buku-katingan,serviceLocation,jasa-cetak-buku-katingan,no,,Template Percetakan,Jasa cetak buku Katingan Terbaik,
/jasa-cetak-buku-kaur,serviceLocation,jasa-cetak-buku-kaur,no,,Template Percetakan,Jasa cetak buku Kaur Murah,
/jasa-cetak-buku-kayong-utara,serviceLocation,jasa-cetak-buku-kayong-utara,no,,Template Percetakan,Jasa cetak buku Kayong Utara Murah,
/jasa-cetak-buku-keerom,serviceLocation,jasa-cetak-buku-keerom,no,,Template Percetakan,Jasa cetak buku Keerom Murah,
/jasa-cetak-buku-kendari,serviceLocation,jasa-cetak-buku-kendari,no,,Template Percetakan,Jasa cetak buku Kendari No 1,
/jasa-cetak-buku-kepahiang,serviceLocation,jasa-cetak-buku-kepahiang,no,,Template Percetakan,Jasa cetak buku Kepahiang Terbaik,
/jasa-cetak-buku-kepulauan-anambas,serviceLocation,jasa-cetak-buku-kepulauan-anambas,no,,Template Percetakan,Jasa cetak buku Kepulauan Anambas Cepat,
/jasa-cetak-buku-kepulauan-aru,serviceLocation,jasa-cetak-buku-kepulauan-aru,no,,Template Percetakan,Jasa cetak buku Kepulauan Aru No 1,
/jasa-cetak-buku-kepulauan-mentawai,serviceLocation,jasa-cetak-buku-kepulauan-mentawai,no,,Template Percetakan,Jasa cetak buku Kepulauan Mentawai Murah,
/jasa-cetak-buku-kepulauan-meranti,serviceLocation,jasa-cetak-buku-kepulauan-meranti,no,,Template Percetakan,Jasa cetak buku Kepulauan Meranti Terbaik,
/jasa-cetak-buku-kepulauan-sangihe,serviceLocation,jasa-cetak-buku-kepulauan-sangihe,no,,Template Percetakan,Jasa cetak buku Kepulauan Sangihe Murah,
/jasa-cetak-buku-kepulauan-selayar,serviceLocation,jasa-cetak-buku-kepulauan-selayar,no,,Template Percetakan,Jasa cetak buku Kepulauan Selayar Cepat,
/jasa-cetak-buku-kepulauan-siau-tagulandang-biaro,serviceLocation,jasa-cetak-buku-kepulauan-siau-tagulandang-biaro,no,,Template Percetakan,Jasa cetak buku Kepulauan Siau Tagulandang Biaro No 1,
/jasa-cetak-buku-kepulauan-sula,serviceLocation,jasa-cetak-buku-kepulauan-sula,no,,Template Percetakan,Jasa cetak buku Kepulauan Sula Murah,
/jasa-cetak-buku-kepulauan-talaud,serviceLocation,jasa-cetak-buku-kepulauan-talaud,no,,Template Percetakan,Jasa cetak buku Kepulauan Talaud Terbaik,
/jasa-cetak-buku-kepulauan-tanimbar,serviceLocation,jasa-cetak-buku-kepulauan-tanimbar,no,,Template Percetakan,Jasa cetak buku Kepulauan Tanimbar Murah,
/jasa-cetak-buku-kepulauan-yapen,serviceLocation,jasa-cetak-buku-kepulauan-yapen,no,,Template Percetakan,Jasa cetak buku Kepulauan Yapen Cepat,
/jasa-cetak-buku-kerinci,serviceLocation,jasa-cetak-buku-kerinci,no,,Template Percetakan,Jasa cetak buku Kerinci Murah,
/jasa-cetak-buku-ketapang,serviceLocation,jasa-cetak-buku-ketapang,no,,Template Percetakan,Jasa cetak buku Ketapang Terbaik,
/jasa-cetak-buku-klungkung,serviceLocation,jasa-cetak-buku-klungkung,no,,Template Percetakan,Jasa cetak buku Klungkung Terbaik,
/jasa-cetak-buku-kolaka,serviceLocation,jasa-cetak-buku-kolaka,no,,Template Percetakan,Jasa cetak buku Kolaka Terbaik,
/jasa-cetak-buku-kolaka-timur,serviceLocation,jasa-cetak-buku-kolaka-timur,no,,Template Percetakan,Jasa cetak buku Kolaka Timur Murah,
/jasa-cetak-buku-kolaka-utara,serviceLocation,jasa-cetak-buku-kolaka-utara,no,,Template Percetakan,Jasa cetak buku Kolaka Utara Cepat,
/jasa-cetak-buku-konawe,serviceLocation,jasa-cetak-buku-konawe,no,,Template Percetakan,Jasa cetak buku Konawe No 1,
/jasa-cetak-buku-konawe-kepulauan,serviceLocation,jasa-cetak-buku-konawe-kepulauan,no,,Template Percetakan,Jasa cetak buku Konawe Kepulauan No 1,
/jasa-cetak-buku-konawe-selatan,serviceLocation,jasa-cetak-buku-konawe-selatan,no,,Template Percetakan,Jasa cetak buku Konawe Selatan Murah,
/jasa-cetak-buku-konawe-utara,serviceLocation,jasa-cetak-buku-konawe-utara,no,,Template Percetakan,Jasa cetak buku Konawe Utara Murah,
/jasa-cetak-buku-kotabaru,serviceLocation,jasa-cetak-buku-kotabaru,no,,Template Percetakan,Jasa cetak buku Kotabaru Terbaik,
/jasa-cetak-buku-kotamobagu,serviceLocation,jasa-cetak-buku-kotamobagu,no,,Template Percetakan,Jasa cetak buku Kotamobagu Cepat,
/jasa-cetak-buku-kotawaringin-barat,serviceLocation,jasa-cetak-buku-kotawaringin-barat,no,,Template Percetakan,Jasa cetak buku Kotawaringin Barat No 1,
/jasa-cetak-buku-kotawaringin-timur,serviceLocation,jasa-cetak-buku-kotawaringin-timur,no,,Template Percetakan,Jasa cetak buku Kotawaringin Timur No 1,
/jasa-cetak-buku-kuantan-singingi,serviceLocation,jasa-cetak-buku-kuantan-singingi,no,,Template Percetakan,Jasa cetak buku Kuantan Singingi Cepat,
/jasa-cetak-buku-kubu-raya,serviceLocation,jasa-cetak-buku-kubu-raya,no,,Template Percetakan,Jasa cetak buku Kubu Raya Murah,
/jasa-cetak-buku-kupang,serviceLocation,jasa-cetak-buku-kupang,no,,Template Percetakan,Jasa cetak buku Kupang Terbaik,
/jasa-cetak-buku-kutai-barat,serviceLocation,jasa-cetak-buku-kutai-barat,no,,Template Percetakan,Jasa cetak buku Kutai Barat Terbaik,
/jasa-cetak-buku-kutai-kartanegara,serviceLocation,jasa-cetak-buku-kutai-kartanegara,no,,Template Percetakan,Jasa cetak buku Kutai Kartanegara Murah,
/jasa-cetak-buku-kutai-timur,serviceLocation,jasa-cetak-buku-kutai-timur,no,,Template Percetakan,Jasa cetak buku Kutai Timur No 1,
/jasa-cetak-buku-labuhanbatu,serviceLocation,jasa-cetak-buku-labuhanbatu,no,,Template Percetakan,Jasa cetak buku Labuhanbatu Cepat,
/jasa-cetak-buku-labuhanbatu-selatan,serviceLocation,jasa-cetak-buku-labuhanbatu-selatan,no,,Template Percetakan,Jasa cetak buku Labuhanbatu Selatan Murah,
/jasa-cetak-buku-labuhanbatu-utara,serviceLocation,jasa-cetak-buku-labuhanbatu-utara,no,,Template Percetakan,Jasa cetak buku Labuhanbatu Utara Cepat,
/jasa-cetak-buku-lahat,serviceLocation,jasa-cetak-buku-lahat,no,,Template Percetakan,Jasa cetak buku Lahat Cepat,
/jasa-cetak-buku-lamandau,serviceLocation,jasa-cetak-buku-lamandau,no,,Template Percetakan,Jasa cetak buku Lamandau Cepat,
/jasa-cetak-buku-lampung-barat,serviceLocation,jasa-cetak-buku-lampung-barat,no,,Template Percetakan,Jasa cetak buku Lampung Barat No 1,
/jasa-cetak-buku-lampung-selatan,serviceLocation,jasa-cetak-buku-lampung-selatan,no,,Template Percetakan,Jasa cetak buku Lampung Selatan Murah,
/jasa-cetak-buku-lampung-tengah,serviceLocation,jasa-cetak-buku-lampung-tengah,no,,Template Percetakan,Jasa cetak buku Lampung Tengah No 1,
/jasa-cetak-buku-lampung-timur,serviceLocation,jasa-cetak-buku-lampung-timur,no,,Template Percetakan,Jasa cetak buku Lampung Timur No 1,
/jasa-cetak-buku-lampung-utara,serviceLocation,jasa-cetak-buku-lampung-utara,no,,Template Percetakan,Jasa cetak buku Lampung Utara No 1,
/jasa-cetak-buku-landak,serviceLocation,jasa-cetak-buku-landak,no,,Template Percetakan,Jasa cetak buku Landak Murah,
/jasa-cetak-buku-langkat,serviceLocation,jasa-cetak-buku-langkat,no,,Template Percetakan,Jasa cetak buku Langkat Murah,
/jasa-cetak-buku-langsa,serviceLocation,jasa-cetak-buku-langsa,no,,Template Percetakan,Jasa cetak buku Langsa Cepat,
/jasa-cetak-buku-lanny-jaya,serviceLocation,jasa-cetak-buku-lanny-jaya,no,,Template Percetakan,Jasa cetak buku Lanny Jaya Cepat,
/jasa-cetak-buku-lebong,serviceLocation,jasa-cetak-buku-lebong,no,,Template Percetakan,Jasa cetak buku Lebong Terbaik,
/jasa-cetak-buku-lembata,serviceLocation,jasa-cetak-buku-lembata,no,,Template Percetakan,Jasa cetak buku Lembata Cepat,
/jasa-cetak-buku-lhokseumawe,serviceLocation,jasa-cetak-buku-lhokseumawe,no,,Template Percetakan,Jasa cetak buku Lhokseumawe No 1,
/jasa-cetak-buku-lima-puluh-kota,serviceLocation,jasa-cetak-buku-lima-puluh-kota,no,,Template Percetakan,Jasa cetak buku Lima Puluh Kota Murah,
/jasa-cetak-buku-lingga,serviceLocation,jasa-cetak-buku-lingga,no,,Template Percetakan,Jasa cetak buku Lingga Cepat,
/jasa-cetak-buku-lombok-barat,serviceLocation,jasa-cetak-buku-lombok-barat,no,,Template Percetakan,Jasa cetak buku Lombok Barat No 1,
/jasa-cetak-buku-lombok-tengah,serviceLocation,jasa-cetak-buku-lombok-tengah,no,,Template Percetakan,Jasa cetak buku Lombok Tengah Murah,
/jasa-cetak-buku-lombok-timur,serviceLocation,jasa-cetak-buku-lombok-timur,no,,Template Percetakan,Jasa cetak buku Lombok Timur No 1,
/jasa-cetak-buku-lombok-utara,serviceLocation,jasa-cetak-buku-lombok-utara,no,,Template Percetakan,Jasa cetak buku Lombok Utara Terbaik,
/jasa-cetak-buku-lubuklinggau,serviceLocation,jasa-cetak-buku-lubuklinggau,no,,Template Percetakan,Jasa cetak buku Lubuklinggau Cepat,
/jasa-cetak-buku-luwu,serviceLocation,jasa-cetak-buku-luwu,no,,Template Percetakan,Jasa cetak buku Luwu Murah,
/jasa-cetak-buku-luwu-timur,serviceLocation,jasa-cetak-buku-luwu-timur,no,,Template Percetakan,Jasa cetak buku Luwu Timur Terbaik,
/jasa-cetak-buku-luwu-utara,serviceLocation,jasa-cetak-buku-luwu-utara,no,,Template Percetakan,Jasa cetak buku Luwu Utara Cepat,
/jasa-cetak-buku-mahakam-ulu,serviceLocation,jasa-cetak-buku-mahakam-ulu,no,,Template Percetakan,Jasa cetak buku Mahakam Ulu Terbaik,
/jasa-cetak-buku-majene,serviceLocation,jasa-cetak-buku-majene,no,,Template Percetakan,Jasa cetak buku Majene No 1,
/jasa-cetak-buku-makassar,serviceLocation,jasa-cetak-buku-makassar,no,,Template Percetakan,Jasa cetak buku Makassar No 1,
/jasa-cetak-buku-malaka,serviceLocation,jasa-cetak-buku-malaka,no,,Template Percetakan,Jasa cetak buku Malaka Terbaik,
/jasa-cetak-buku-malinau,serviceLocation,jasa-cetak-buku-malinau,no,,Template Percetakan,Jasa cetak buku Malinau Terbaik,
/jasa-cetak-buku-maluku-barat-daya,serviceLocation,jasa-cetak-buku-maluku-barat-daya,no,,Template Percetakan,Jasa cetak buku Maluku Barat Daya Terbaik,
/jasa-cetak-buku-maluku-tengah,serviceLocation,jasa-cetak-buku-maluku-tengah,no,,Template Percetakan,Jasa cetak buku Maluku Tengah No 1,
/jasa-cetak-buku-maluku-tenggara,serviceLocation,jasa-cetak-buku-maluku-tenggara,no,,Template Percetakan,Jasa cetak buku Maluku Tenggara Cepat,
/jasa-cetak-buku-mamasa,serviceLocation,jasa-cetak-buku-mamasa,no,,Template Percetakan,Jasa cetak buku Mamasa Cepat,
/jasa-cetak-buku-mamberamo-raya,serviceLocation,jasa-cetak-buku-mamberamo-raya,no,,Template Percetakan,Jasa cetak buku Mamberamo Raya Terbaik,
/jasa-cetak-buku-mamberamo-tengah,serviceLocation,jasa-cetak-buku-mamberamo-tengah,no,,Template Percetakan,Jasa cetak buku Mamberamo Tengah Cepat,
/jasa-cetak-buku-mamuju,serviceLocation,jasa-cetak-buku-mamuju,no,,Template Percetakan,Jasa cetak buku Mamuju Cepat,
/jasa-cetak-buku-mamuju-tengah,serviceLocation,jasa-cetak-buku-mamuju-tengah,no,,Template Percetakan,Jasa cetak buku Mamuju Tengah No 1,
/jasa-cetak-buku-manado,serviceLocation,jasa-cetak-buku-manado,no,,Template Percetakan,Jasa cetak buku Manado Terbaik,
/jasa-cetak-buku-mandailing-natal,serviceLocation,jasa-cetak-buku-mandailing-natal,no,,Template Percetakan,Jasa cetak buku Mandailing Natal Cepat,
/jasa-cetak-buku-manggarai,serviceLocation,jasa-cetak-buku-manggarai,no,,Template Percetakan,Jasa cetak buku Manggarai No 1,
/jasa-cetak-buku-manggarai-barat,serviceLocation,jasa-cetak-buku-manggarai-barat,no,,Template Percetakan,Jasa cetak buku Manggarai Barat Cepat,
/jasa-cetak-buku-manggarai-timur,serviceLocation,jasa-cetak-buku-manggarai-timur,no,,Template Percetakan,Jasa cetak buku Manggarai Timur Cepat,
/jasa-cetak-buku-manokwari,serviceLocation,jasa-cetak-buku-manokwari,no,,Template Percetakan,Jasa cetak buku Manokwari Murah,
/jasa-cetak-buku-manokwari-selatan,serviceLocation,jasa-cetak-buku-manokwari-selatan,no,,Template Percetakan,Jasa cetak buku Manokwari Selatan Murah,
/jasa-cetak-buku-mappi,serviceLocation,jasa-cetak-buku-mappi,no,,Template Percetakan,Jasa cetak buku Mappi Murah,
/jasa-cetak-buku-maros,serviceLocation,jasa-cetak-buku-maros,no,,Template Percetakan,Jasa cetak buku Maros Cepat,
/jasa-cetak-buku-mataram,serviceLocation,jasa-cetak-buku-mataram,no,,Template Percetakan,Jasa cetak buku Mataram Cepat,
/jasa-cetak-buku-maybrat,serviceLocation,jasa-cetak-buku-maybrat,no,,Template Percetakan,Jasa cetak buku Maybrat Terbaik,
/jasa-cetak-buku-medan,serviceLocation,jasa-cetak-buku-medan,no,,Template Percetakan,Jasa cetak buku Medan Terbaik,
/jasa-cetak-buku-melawi,serviceLocation,jasa-cetak-buku-melawi,no,,Template Percetakan,Jasa cetak buku Melawi Murah,
/jasa-cetak-buku-mempawah,serviceLocation,jasa-cetak-buku-mempawah,no,,Template Percetakan,Jasa cetak buku Mempawah No 1,
/jasa-cetak-buku-merangin,serviceLocation,jasa-cetak-buku-merangin,no,,Template Percetakan,Jasa cetak buku Merangin Cepat,
/jasa-cetak-buku-merauke,serviceLocation,jasa-cetak-buku-merauke,no,,Template Percetakan,Jasa cetak buku Merauke Murah,
/jasa-cetak-buku-mesuji,serviceLocation,jasa-cetak-buku-mesuji,no,,Template Percetakan,Jasa cetak buku Mesuji Terbaik,
/jasa-cetak-buku-metro,serviceLocation,jasa-cetak-buku-metro,no,,Template Percetakan,Jasa cetak buku Metro No 1,
/jasa-cetak-buku-mimika,serviceLocation,jasa-cetak-buku-mimika,no,,Template Percetakan,Jasa cetak buku Mimika Terbaik,
/jasa-cetak-buku-minahasa,serviceLocation,jasa-cetak-buku-minahasa,no,,Template Percetakan,Jasa cetak buku Minahasa Cepat,
/jasa-cetak-buku-minahasa-selatan,serviceLocation,jasa-cetak-buku-minahasa-selatan,no,,Template Percetakan,Jasa cetak buku Minahasa Selatan Cepat,
/jasa-cetak-buku-minahasa-tenggara,serviceLocation,jasa-cetak-buku-minahasa-tenggara,no,,Template Percetakan,Jasa cetak buku Minahasa Tenggara Cepat,
/jasa-cetak-buku-minahasa-utara,serviceLocation,jasa-cetak-buku-minahasa-utara,no,,Template Percetakan,Jasa cetak buku Minahasa Utara Murah,
/jasa-cetak-buku-mojokerto,serviceLocation,jasa-cetak-buku-mojokerto,no,,Template Percetakan,Jasa Cetak Buku Mojokerto,
/jasa-cetak-buku-morowali,serviceLocation,jasa-cetak-buku-morowali,no,,Template Percetakan,Jasa cetak buku Morowali Terbaik,
/jasa-cetak-buku-morowali-utara,serviceLocation,jasa-cetak-buku-morowali-utara,no,,Template Percetakan,Jasa cetak buku Morowali Utara No 1,
/jasa-cetak-buku-muara-enim,serviceLocation,jasa-cetak-buku-muara-enim,no,,Template Percetakan,Jasa cetak buku Muara Enim No 1,
/jasa-cetak-buku-muaro-jambi,serviceLocation,jasa-cetak-buku-muaro-jambi,no,,Template Percetakan,Jasa cetak buku Muaro Jambi No 1,
/jasa-cetak-buku-mukomuko,serviceLocation,jasa-cetak-buku-mukomuko,no,,Template Percetakan,Jasa cetak buku Mukomuko Murah,
/jasa-cetak-buku-muna,serviceLocation,jasa-cetak-buku-muna,no,,Template Percetakan,Jasa cetak buku Muna Cepat,
/jasa-cetak-buku-muna-barat,serviceLocation,jasa-cetak-buku-muna-barat,no,,Template Percetakan,Jasa cetak buku Muna Barat Terbaik,
/jasa-cetak-buku-murung-raya,serviceLocation,jasa-cetak-buku-murung-raya,no,,Template Percetakan,Jasa cetak buku Murung Raya Terbaik,
/jasa-cetak-buku-musi-banyuasin,serviceLocation,jasa-cetak-buku-musi-banyuasin,no,,Template Percetakan,Jasa cetak buku Musi Banyuasin No 1,
/jasa-cetak-buku-musi-rawas,serviceLocation,jasa-cetak-buku-musi-rawas,no,,Template Percetakan,Jasa cetak buku Musi Rawas No 1,
/jasa-cetak-buku-musi-rawas-utara,serviceLocation,jasa-cetak-buku-musi-rawas-utara,no,,Template Percetakan,Jasa cetak buku Musi Rawas Utara No 1,
/jasa-cetak-buku-nabire,serviceLocation,jasa-cetak-buku-nabire,no,,Template Percetakan,Jasa cetak buku Nabire Cepat,
/jasa-cetak-buku-nagan-raya,serviceLocation,jasa-cetak-buku-nagan-raya,no,,Template Percetakan,Jasa cetak buku Nagan Raya Murah,
/jasa-cetak-buku-nagekeo,serviceLocation,jasa-cetak-buku-nagekeo,no,,Template Percetakan,Jasa cetak buku Nagekeo Terbaik,
/jasa-cetak-buku-natuna,serviceLocation,jasa-cetak-buku-natuna,no,,Template Percetakan,Jasa cetak buku Natuna Terbaik,
/jasa-cetak-buku-nduga,serviceLocation,jasa-cetak-buku-nduga,no,,Template Percetakan,Jasa cetak buku Nduga No 1,
/jasa-cetak-buku-ngada,serviceLocation,jasa-cetak-buku-ngada,no,,Template Percetakan,Jasa cetak buku Ngada Terbaik,
/jasa-cetak-buku-nias,serviceLocation,jasa-cetak-buku-nias,no,,Template Percetakan,Jasa cetak buku Nias Terbaik,
/jasa-cetak-buku-nias-barat,serviceLocation,jasa-cetak-buku-nias-barat,no,,Template Percetakan,Jasa cetak buku Nias Barat Murah,
/jasa-cetak-buku-nias-selatan,serviceLocation,jasa-cetak-buku-nias-selatan,no,,Template Percetakan,Jasa cetak buku Nias Selatan Terbaik,
/jasa-cetak-buku-nias-utara,serviceLocation,jasa-cetak-buku-nias-utara,no,,Template Percetakan,Jasa cetak buku Nias Utara Terbaik,
/jasa-cetak-buku-nunukan,serviceLocation,jasa-cetak-buku-nunukan,no,,Template Percetakan,Jasa cetak buku Nunukan Murah,
/jasa-cetak-buku-ogan-ilir,serviceLocation,jasa-cetak-buku-ogan-ilir,no,,Template Percetakan,Jasa cetak buku Ogan Ilir No 1,
/jasa-cetak-buku-ogan-komering-ilir,serviceLocation,jasa-cetak-buku-ogan-komering-ilir,no,,Template Percetakan,Jasa cetak buku Ogan Komering Ilir Terbaik,
/jasa-cetak-buku-ogan-komering-ulu,serviceLocation,jasa-cetak-buku-ogan-komering-ulu,no,,Template Percetakan,Jasa cetak buku Ogan Komering Ulu Terbaik,
/jasa-cetak-buku-ogan-komering-ulu-selatan,serviceLocation,jasa-cetak-buku-ogan-komering-ulu-selatan,no,,Template Percetakan,Jasa cetak buku Ogan Komering Ulu Selatan Terbaik,
/jasa-cetak-buku-ogan-komering-ulu-timur,serviceLocation,jasa-cetak-buku-ogan-komering-ulu-timur,no,,Template Percetakan,Jasa cetak buku Ogan Komering Ulu Timur Terbaik,
/jasa-cetak-buku-on-demand-solusi-cerdas-penulis-pemula,serviceLocation,jasa-cetak-buku-on-demand-solusi-cerdas-penulis-pemula,no,,Template Percetakan,Jasa Cetak Buku On Demand: Solusi Cerdas Penulis Pemula,
/jasa-cetak-buku-padang,serviceLocation,jasa-cetak-buku-padang,no,,Template Percetakan,Jasa cetak buku Padang No 1,
/jasa-cetak-buku-padang-lawas,serviceLocation,jasa-cetak-buku-padang-lawas,no,,Template Percetakan,Jasa cetak buku Padang Lawas No 1,
/jasa-cetak-buku-padang-lawas-utara,serviceLocation,jasa-cetak-buku-padang-lawas-utara,no,,Template Percetakan,Jasa cetak buku Padang Lawas Utara Murah,
/jasa-cetak-buku-padang-pariaman,serviceLocation,jasa-cetak-buku-padang-pariaman,no,,Template Percetakan,Jasa cetak buku Padang Pariaman No 1,
/jasa-cetak-buku-padangpanjang,serviceLocation,jasa-cetak-buku-padangpanjang,no,,Template Percetakan,Jasa cetak buku Padangpanjang No 1,
/jasa-cetak-buku-padangsidempuan,serviceLocation,jasa-cetak-buku-padangsidempuan,no,,Template Percetakan,Jasa cetak buku Padangsidempuan Terbaik,
/jasa-cetak-buku-pagar-alam,serviceLocation,jasa-cetak-buku-pagar-alam,no,,Template Percetakan,Jasa cetak buku Pagar Alam Murah,
/jasa-cetak-buku-pakpak-bharat,serviceLocation,jasa-cetak-buku-pakpak-bharat,no,,Template Percetakan,Jasa cetak buku Pakpak Bharat Terbaik,
/jasa-cetak-buku-palangka-raya,serviceLocation,jasa-cetak-buku-palangka-raya,no,,Template Percetakan,Jasa cetak buku Palangka Raya Murah,
/jasa-cetak-buku-palembang,serviceLocation,jasa-cetak-buku-palembang,no,,Template Percetakan,Jasa cetak buku Palembang Terbaik,
/jasa-cetak-buku-palopo,serviceLocation,jasa-cetak-buku-palopo,no,,Template Percetakan,Jasa cetak buku Palopo Cepat,
/jasa-cetak-buku-palu,serviceLocation,jasa-cetak-buku-palu,no,,Template Percetakan,Jasa cetak buku Palu Terbaik,
/jasa-cetak-buku-pangkajene-dan-kepulauan,serviceLocation,jasa-cetak-buku-pangkajene-dan-kepulauan,no,,Template Percetakan,Jasa cetak buku Pangkajene dan Kepulauan Terbaik,
/jasa-cetak-buku-pangkal-pinang,serviceLocation,jasa-cetak-buku-pangkal-pinang,no,,Template Percetakan,Jasa cetak buku Pangkal Pinang No 1,
/jasa-cetak-buku-paniai,serviceLocation,jasa-cetak-buku-paniai,no,,Template Percetakan,Jasa cetak buku Paniai Cepat,
/jasa-cetak-buku-parepare,serviceLocation,jasa-cetak-buku-parepare,no,,Template Percetakan,Jasa cetak buku Parepare Cepat,
/jasa-cetak-buku-pariaman,serviceLocation,jasa-cetak-buku-pariaman,no,,Template Percetakan,Jasa cetak buku Pariaman No 1,
/jasa-cetak-buku-parigi-moutong,serviceLocation,jasa-cetak-buku-parigi-moutong,no,,Template Percetakan,Jasa cetak buku Parigi Moutong Terbaik,
/jasa-cetak-buku-pasaman,serviceLocation,jasa-cetak-buku-pasaman,no,,Template Percetakan,Jasa cetak buku Pasaman No 1,
/jasa-cetak-buku-pasaman-barat,serviceLocation,jasa-cetak-buku-pasaman-barat,no,,Template Percetakan,Jasa cetak buku Pasaman Barat Murah,
/jasa-cetak-buku-pasangkayu,serviceLocation,jasa-cetak-buku-pasangkayu,no,,Template Percetakan,Jasa cetak buku Pasangkayu Murah,
/jasa-cetak-buku-paser,serviceLocation,jasa-cetak-buku-paser,no,,Template Percetakan,Jasa cetak buku Paser Terbaik,
/jasa-cetak-buku-payakumbuh,serviceLocation,jasa-cetak-buku-payakumbuh,no,,Template Percetakan,Jasa cetak buku Payakumbuh Terbaik,
/jasa-cetak-buku-pegunungan-arfak,serviceLocation,jasa-cetak-buku-pegunungan-arfak,no,,Template Percetakan,Jasa cetak buku Pegunungan Arfak Terbaik,
/jasa-cetak-buku-pegunungan-bintang,serviceLocation,jasa-cetak-buku-pegunungan-bintang,no,,Template Percetakan,Jasa cetak buku Pegunungan Bintang Cepat,
/jasa-cetak-buku-pekanbaru,serviceLocation,jasa-cetak-buku-pekanbaru,no,,Template Percetakan,Jasa cetak buku Pekanbaru Murah,
/jasa-cetak-buku-pelalawan,serviceLocation,jasa-cetak-buku-pelalawan,no,,Template Percetakan,Jasa cetak buku Pelalawan Cepat,
/jasa-cetak-buku-pematangsiantar,serviceLocation,jasa-cetak-buku-pematangsiantar,no,,Template Percetakan,Jasa cetak buku Pematangsiantar Terbaik,
/jasa-cetak-buku-penajam-paser-utara,serviceLocation,jasa-cetak-buku-penajam-paser-utara,no,,Template Percetakan,Jasa cetak buku Penajam Paser Utara Cepat,
/jasa-cetak-buku-penukal-abab-lematang-ilir,serviceLocation,jasa-cetak-buku-penukal-abab-lematang-ilir,no,,Template Percetakan,Jasa cetak buku Penukal Abab Lematang Ilir Cepat,
/jasa-cetak-buku-pesawaran,serviceLocation,jasa-cetak-buku-pesawaran,no,,Template Percetakan,Jasa cetak buku Pesawaran Terbaik,
/jasa-cetak-buku-pesisir-barat,serviceLocation,jasa-cetak-buku-pesisir-barat,no,,Template Percetakan,Jasa cetak buku Pesisir Barat Cepat,
/jasa-cetak-buku-pesisir-selatan,serviceLocation,jasa-cetak-buku-pesisir-selatan,no,,Template Percetakan,Jasa cetak buku Pesisir Selatan Murah,
/jasa-cetak-buku-pidie,serviceLocation,jasa-cetak-buku-pidie,no,,Template Percetakan,Jasa cetak buku Pidie Terbaik,
/jasa-cetak-buku-pidie-jaya,serviceLocation,jasa-cetak-buku-pidie-jaya,no,,Template Percetakan,Jasa cetak buku Pidie Jaya Terbaik,
/jasa-cetak-buku-pinrang,serviceLocation,jasa-cetak-buku-pinrang,no,,Template Percetakan,Jasa cetak buku Pinrang Cepat,
/jasa-cetak-buku-pohuwato,serviceLocation,jasa-cetak-buku-pohuwato,no,,Template Percetakan,Jasa cetak buku Pohuwato Cepat,
/jasa-cetak-buku-polewali-mandar,serviceLocation,jasa-cetak-buku-polewali-mandar,no,,Template Percetakan,Jasa cetak buku Polewali Mandar Terbaik,
/jasa-cetak-buku-pontianak,serviceLocation,jasa-cetak-buku-pontianak,no,,Template Percetakan,Jasa cetak buku Pontianak Cepat,
/jasa-cetak-buku-poso,serviceLocation,jasa-cetak-buku-poso,no,,Template Percetakan,Jasa cetak buku Poso Terbaik,
/jasa-cetak-buku-prabumulih,serviceLocation,jasa-cetak-buku-prabumulih,no,,Template Percetakan,Jasa cetak buku Prabumulih Terbaik,
/jasa-cetak-buku-pringsewu,serviceLocation,jasa-cetak-buku-pringsewu,no,,Template Percetakan,Jasa cetak buku Pringsewu No 1,
/jasa-cetak-buku-pulang-pisau,serviceLocation,jasa-cetak-buku-pulang-pisau,no,,Template Percetakan,Jasa cetak buku Pulang Pisau Murah,
/jasa-cetak-buku-pulau-morotai,serviceLocation,jasa-cetak-buku-pulau-morotai,no,,Template Percetakan,Jasa cetak buku Pulau Morotai Murah,
/jasa-cetak-buku-pulau-taliabu,serviceLocation,jasa-cetak-buku-pulau-taliabu,no,,Template Percetakan,Jasa cetak buku Pulau Taliabu No 1,
/jasa-cetak-buku-puncak,serviceLocation,jasa-cetak-buku-puncak,no,,Template Percetakan,Jasa cetak buku Puncak Terbaik,
/jasa-cetak-buku-puncak-jaya,serviceLocation,jasa-cetak-buku-puncak-jaya,no,,Template Percetakan,Jasa cetak buku Puncak Jaya No 1,
/jasa-cetak-buku-raja-ampat,serviceLocation,jasa-cetak-buku-raja-ampat,no,,Template Percetakan,Jasa cetak buku Raja Ampat No 1,
/jasa-cetak-buku-rejang-lebong,serviceLocation,jasa-cetak-buku-rejang-lebong,no,,Template Percetakan,Jasa cetak buku Rejang Lebong No 1,
/jasa-cetak-buku-rokan-hilir,serviceLocation,jasa-cetak-buku-rokan-hilir,no,,Template Percetakan,Jasa cetak buku Rokan Hilir Murah,
/jasa-cetak-buku-rokan-hulu,serviceLocation,jasa-cetak-buku-rokan-hulu,no,,Template Percetakan,Jasa cetak buku Rokan Hulu Terbaik,
/jasa-cetak-buku-rote-ndao,serviceLocation,jasa-cetak-buku-rote-ndao,no,,Template Percetakan,Jasa cetak buku Rote Ndao Cepat,
/jasa-cetak-buku-sabang,serviceLocation,jasa-cetak-buku-sabang,no,,Template Percetakan,Jasa cetak buku Sabang Terbaik,
/jasa-cetak-buku-sabu-raijua,serviceLocation,jasa-cetak-buku-sabu-raijua,no,,Template Percetakan,Jasa cetak buku Sabu Raijua Murah,
/jasa-cetak-buku-samarinda,serviceLocation,jasa-cetak-buku-samarinda,no,,Template Percetakan,Jasa cetak buku Samarinda Terbaik,
/jasa-cetak-buku-sambas,serviceLocation,jasa-cetak-buku-sambas,no,,Template Percetakan,Jasa cetak buku Sambas No 1,
/jasa-cetak-buku-samosir,serviceLocation,jasa-cetak-buku-samosir,no,,Template Percetakan,Jasa cetak buku Samosir Murah,
/jasa-cetak-buku-sanggau,serviceLocation,jasa-cetak-buku-sanggau,no,,Template Percetakan,Jasa cetak buku Sanggau Terbaik,
/jasa-cetak-buku-sarmi,serviceLocation,jasa-cetak-buku-sarmi,no,,Template Percetakan,Jasa cetak buku Sarmi Murah,
/jasa-cetak-buku-sarolangun,serviceLocation,jasa-cetak-buku-sarolangun,no,,Template Percetakan,Jasa cetak buku Sarolangun Murah,
/jasa-cetak-buku-sawahlunto,serviceLocation,jasa-cetak-buku-sawahlunto,no,,Template Percetakan,Jasa cetak buku Sawahlunto No 1,
/jasa-cetak-buku-sekadau,serviceLocation,jasa-cetak-buku-sekadau,no,,Template Percetakan,Jasa cetak buku Sekadau No 1,
/jasa-cetak-buku-sekolah,serviceLocation,jasa-cetak-buku-sekolah,no,,Template Percetakan,Jasa Cetak Buku Sekolah Surabaya,
/jasa-cetak-buku-seluma,serviceLocation,jasa-cetak-buku-seluma,no,,Template Percetakan,Jasa cetak buku Seluma No 1,
/jasa-cetak-buku-seram-bagian-barat,serviceLocation,jasa-cetak-buku-seram-bagian-barat,no,,Template Percetakan,Jasa cetak buku Seram Bagian Barat Murah,
/jasa-cetak-buku-seram-bagian-timur,serviceLocation,jasa-cetak-buku-seram-bagian-timur,no,,Template Percetakan,Jasa cetak buku Seram Bagian Timur No 1,
/jasa-cetak-buku-serdang-bedagai,serviceLocation,jasa-cetak-buku-serdang-bedagai,no,,Template Percetakan,Jasa cetak buku Serdang Bedagai Cepat,
/jasa-cetak-buku-seruyan,serviceLocation,jasa-cetak-buku-seruyan,no,,Template Percetakan,Jasa cetak buku Seruyan Cepat,
/jasa-cetak-buku-siak,serviceLocation,jasa-cetak-buku-siak,no,,Template Percetakan,Jasa cetak buku Siak No 1,
/jasa-cetak-buku-sibolga,serviceLocation,jasa-cetak-buku-sibolga,no,,Template Percetakan,Jasa cetak buku Sibolga Terbaik,
/jasa-cetak-buku-sidenreng-rappang,serviceLocation,jasa-cetak-buku-sidenreng-rappang,no,,Template Percetakan,Jasa cetak buku Sidenreng Rappang Murah,
/jasa-cetak-buku-sidoarjo,serviceLocation,jasa-cetak-buku-sidoarjo,no,,Template Percetakan,Jasa Cetak Buku Sidoarjo,
/jasa-cetak-buku-sigi,serviceLocation,jasa-cetak-buku-sigi,no,,Template Percetakan,Jasa cetak buku Sigi Murah,
/jasa-cetak-buku-sijunjung,serviceLocation,jasa-cetak-buku-sijunjung,no,,Template Percetakan,Jasa cetak buku Sijunjung Cepat,
/jasa-cetak-buku-sikka,serviceLocation,jasa-cetak-buku-sikka,no,,Template Percetakan,Jasa cetak buku Sikka Cepat,
/jasa-cetak-buku-simalungun,serviceLocation,jasa-cetak-buku-simalungun,no,,Template Percetakan,Jasa cetak buku Simalungun Terbaik,
/jasa-cetak-buku-simeulue,serviceLocation,jasa-cetak-buku-simeulue,no,,Template Percetakan,Jasa cetak buku Simeulue Murah,
/jasa-cetak-buku-singkawang,serviceLocation,jasa-cetak-buku-singkawang,no,,Template Percetakan,Jasa cetak buku Singkawang Terbaik,
/jasa-cetak-buku-sinjai,serviceLocation,jasa-cetak-buku-sinjai,no,,Template Percetakan,Jasa cetak buku Sinjai Cepat,
/jasa-cetak-buku-sintang,serviceLocation,jasa-cetak-buku-sintang,no,,Template Percetakan,Jasa cetak buku Sintang No 1,
/jasa-cetak-buku-solok,serviceLocation,jasa-cetak-buku-solok,no,,Template Percetakan,Jasa cetak buku Solok Cepat,
/jasa-cetak-buku-solok-selatan,serviceLocation,jasa-cetak-buku-solok-selatan,no,,Template Percetakan,Jasa cetak buku Solok Selatan Cepat,
/jasa-cetak-buku-soppeng,serviceLocation,jasa-cetak-buku-soppeng,no,,Template Percetakan,Jasa cetak buku Soppeng Terbaik,
/jasa-cetak-buku-sorong,serviceLocation,jasa-cetak-buku-sorong,no,,Template Percetakan,Jasa cetak buku Sorong Murah,
/jasa-cetak-buku-sorong-selatan,serviceLocation,jasa-cetak-buku-sorong-selatan,no,,Template Percetakan,Jasa cetak buku Sorong Selatan Cepat,
/jasa-cetak-buku-subulussalam,serviceLocation,jasa-cetak-buku-subulussalam,no,,Template Percetakan,Jasa cetak buku Subulussalam Cepat,
/jasa-cetak-buku-sukamara,serviceLocation,jasa-cetak-buku-sukamara,no,,Template Percetakan,Jasa cetak buku Sukamara No 1,
/jasa-cetak-buku-sumba-barat,serviceLocation,jasa-cetak-buku-sumba-barat,no,,Template Percetakan,Jasa cetak buku Sumba Barat Terbaik,
/jasa-cetak-buku-sumba-barat-daya,serviceLocation,jasa-cetak-buku-sumba-barat-daya,no,,Template Percetakan,Jasa cetak buku Sumba Barat Daya Murah,
/jasa-cetak-buku-sumba-tengah,serviceLocation,jasa-cetak-buku-sumba-tengah,no,,Template Percetakan,Jasa cetak buku Sumba Tengah Cepat,
/jasa-cetak-buku-sumba-timur,serviceLocation,jasa-cetak-buku-sumba-timur,no,,Template Percetakan,Jasa cetak buku Sumba Timur Cepat,
/jasa-cetak-buku-sumbawa,serviceLocation,jasa-cetak-buku-sumbawa,no,,Template Percetakan,Jasa cetak buku Sumbawa Cepat,
/jasa-cetak-buku-sumbawa-barat,serviceLocation,jasa-cetak-buku-sumbawa-barat,no,,Template Percetakan,Jasa cetak buku Sumbawa Barat Cepat,
/jasa-cetak-buku-sungaipenuh,serviceLocation,jasa-cetak-buku-sungaipenuh,no,,Template Percetakan,Jasa cetak buku Sungaipenuh Terbaik,
/jasa-cetak-buku-supiori,serviceLocation,jasa-cetak-buku-supiori,no,,Template Percetakan,Jasa cetak buku Supiori No 1,
/jasa-cetak-buku-surabaya,serviceLocation,jasa-cetak-buku-surabaya,no,,Template Percetakan,Jasa cetak buku surabaya,
/jasa-cetak-buku-tabalong,serviceLocation,jasa-cetak-buku-tabalong,no,,Template Percetakan,Jasa cetak buku Tabalong Cepat,
/jasa-cetak-buku-tabanan,serviceLocation,jasa-cetak-buku-tabanan,no,,Template Percetakan,Jasa cetak buku Tabanan Terbaik,
/jasa-cetak-buku-takalar,serviceLocation,jasa-cetak-buku-takalar,no,,Template Percetakan,Jasa cetak buku Takalar No 1,
/jasa-cetak-buku-tambrauw,serviceLocation,jasa-cetak-buku-tambrauw,no,,Template Percetakan,Jasa cetak buku Tambrauw Terbaik,
/jasa-cetak-buku-tana-tidung,serviceLocation,jasa-cetak-buku-tana-tidung,no,,Template Percetakan,Jasa cetak buku Tana Tidung Cepat,
/jasa-cetak-buku-tana-toraja,serviceLocation,jasa-cetak-buku-tana-toraja,no,,Template Percetakan,Jasa cetak buku Tana Toraja Murah,
/jasa-cetak-buku-tanah-bumbu,serviceLocation,jasa-cetak-buku-tanah-bumbu,no,,Template Percetakan,Jasa cetak buku Tanah Bumbu Murah,
/jasa-cetak-buku-tanah-datar,serviceLocation,jasa-cetak-buku-tanah-datar,no,,Template Percetakan,Jasa cetak buku Tanah Datar No 1,
/jasa-cetak-buku-tanah-laut,serviceLocation,jasa-cetak-buku-tanah-laut,no,,Template Percetakan,Jasa cetak buku Tanah Laut Terbaik,
/jasa-cetak-buku-tanggamus,serviceLocation,jasa-cetak-buku-tanggamus,no,,Template Percetakan,Jasa cetak buku Tanggamus Terbaik,
/jasa-cetak-buku-tanjung-jabung-barat,serviceLocation,jasa-cetak-buku-tanjung-jabung-barat,no,,Template Percetakan,Jasa cetak buku Tanjung Jabung Barat No 1,
/jasa-cetak-buku-tanjung-jabung-timur,serviceLocation,jasa-cetak-buku-tanjung-jabung-timur,no,,Template Percetakan,Jasa cetak buku Tanjung Jabung Timur Murah,
/jasa-cetak-buku-tanjung-pinang,serviceLocation,jasa-cetak-buku-tanjung-pinang,no,,Template Percetakan,Jasa cetak buku Tanjung Pinang No 1,
/jasa-cetak-buku-tanjungbalai,serviceLocation,jasa-cetak-buku-tanjungbalai,no,,Template Percetakan,Jasa cetak buku Tanjungbalai Cepat,
/jasa-cetak-buku-tapanuli-selatan,serviceLocation,jasa-cetak-buku-tapanuli-selatan,no,,Template Percetakan,Jasa cetak buku Tapanuli Selatan Murah,
/jasa-cetak-buku-tapanuli-tengah,serviceLocation,jasa-cetak-buku-tapanuli-tengah,no,,Template Percetakan,Jasa cetak buku Tapanuli Tengah No 1,
/jasa-cetak-buku-tapanuli-utara,serviceLocation,jasa-cetak-buku-tapanuli-utara,no,,Template Percetakan,Jasa cetak buku Tapanuli Utara Murah,
/jasa-cetak-buku-tapin,serviceLocation,jasa-cetak-buku-tapin,no,,Template Percetakan,Jasa cetak buku Tapin Cepat,
/jasa-cetak-buku-tarakan,serviceLocation,jasa-cetak-buku-tarakan,no,,Template Percetakan,Jasa cetak buku Tarakan No 1,
/jasa-cetak-buku-tebing-tinggi,serviceLocation,jasa-cetak-buku-tebing-tinggi,no,,Template Percetakan,Jasa cetak buku Tebing Tinggi Murah,
/jasa-cetak-buku-tebo,serviceLocation,jasa-cetak-buku-tebo,no,,Template Percetakan,Jasa cetak buku Tebo Murah,
/jasa-cetak-buku-teluk-bintuni,serviceLocation,jasa-cetak-buku-teluk-bintuni,no,,Template Percetakan,Jasa cetak buku Teluk Bintuni Terbaik,
/jasa-cetak-buku-teluk-wondama,serviceLocation,jasa-cetak-buku-teluk-wondama,no,,Template Percetakan,Jasa cetak buku Teluk Wondama No 1,
/jasa-cetak-buku-ternate,serviceLocation,jasa-cetak-buku-ternate,no,,Template Percetakan,Jasa cetak buku Ternate Terbaik,
/jasa-cetak-buku-tidore-kepulauan,serviceLocation,jasa-cetak-buku-tidore-kepulauan,no,,Template Percetakan,Jasa cetak buku Tidore Kepulauan No 1,
/jasa-cetak-buku-timor-tengah-selatan,serviceLocation,jasa-cetak-buku-timor-tengah-selatan,no,,Template Percetakan,Jasa cetak buku Timor Tengah Selatan Murah,
/jasa-cetak-buku-timor-tengah-utara,serviceLocation,jasa-cetak-buku-timor-tengah-utara,no,,Template Percetakan,Jasa cetak buku Timor Tengah Utara No 1,
/jasa-cetak-buku-toba-samosir,serviceLocation,jasa-cetak-buku-toba-samosir,no,,Template Percetakan,Jasa cetak buku Toba Samosir No 1,
/jasa-cetak-buku-tojo-una-una,serviceLocation,jasa-cetak-buku-tojo-una-una,no,,Template Percetakan,Jasa cetak buku Tojo Una-Una Murah,
/jasa-cetak-buku-tolikara,serviceLocation,jasa-cetak-buku-tolikara,no,,Template Percetakan,Jasa cetak buku Tolikara Murah,
/jasa-cetak-buku-tolitoli,serviceLocation,jasa-cetak-buku-tolitoli,no,,Template Percetakan,Jasa cetak buku Tolitoli Cepat,
/jasa-cetak-buku-tomohon,serviceLocation,jasa-cetak-buku-tomohon,no,,Template Percetakan,Jasa cetak buku Tomohon Terbaik,
/jasa-cetak-buku-toraja-utara,serviceLocation,jasa-cetak-buku-toraja-utara,no,,Template Percetakan,Jasa cetak buku Toraja Utara Terbaik,
/jasa-cetak-buku-tual,serviceLocation,jasa-cetak-buku-tual,no,,Template Percetakan,Jasa cetak buku Tual Cepat,
/jasa-cetak-buku-tulang-bawang,serviceLocation,jasa-cetak-buku-tulang-bawang,no,,Template Percetakan,Jasa cetak buku Tulang Bawang Cepat,
/jasa-cetak-buku-tulang-bawang-barat,serviceLocation,jasa-cetak-buku-tulang-bawang-barat,no,,Template Percetakan,Jasa cetak buku Tulang Bawang Barat Cepat,
/jasa-cetak-buku-wajo,serviceLocation,jasa-cetak-buku-wajo,no,,Template Percetakan,Jasa cetak buku Wajo Murah,
/jasa-cetak-buku-wakatobi,serviceLocation,jasa-cetak-buku-wakatobi,no,,Template Percetakan,Jasa cetak buku Wakatobi Cepat,
/jasa-cetak-buku-waropen,serviceLocation,jasa-cetak-buku-waropen,no,,Template Percetakan,Jasa cetak buku Waropen Terbaik,
/jasa-cetak-buku-way-kanan,serviceLocation,jasa-cetak-buku-way-kanan,no,,Template Percetakan,Jasa cetak buku Way Kanan Murah,
/jasa-cetak-buku-yahukimo,serviceLocation,jasa-cetak-buku-yahukimo,no,,Template Percetakan,Jasa cetak buku Yahukimo No 1,
/jasa-cetak-buku-yalimo,serviceLocation,jasa-cetak-buku-yalimo,no,,Template Percetakan,Jasa cetak buku Yalimo Cepat,
/layanan,pageLocation,layanan,no,,Template Generic Company,Layanan Kotacom,
/pembuatan-website,pageLocation,pembuatan-website,no,,Template Pembuatan Website,Pembuatan Website Profesional,
/pembuatan-website/ambon,pageLocation,pembuatan-website,yes,ambon,Template Pembuatan Website,Pembuatan Website Ambon,/pembuatan-website/{lokasi}
/pembuatan-website/balikpapan,pageLocation,pembuatan-website,yes,balikpapan,Template Pembuatan Website,Pembuatan Website Balikpapan,/pembuatan-website/{lokasi}
/pembuatan-website/banda-aceh,pageLocation,pembuatan-website,yes,banda-aceh,Template Pembuatan Website,Pembuatan Website Banda Aceh,/pembuatan-website/{lokasi}
/pembuatan-website/bandar-lampung,pageLocation,pembuatan-website,yes,bandar-lampung,Template Pembuatan Website,Pembuatan Website Bandar Lampung,/pembuatan-website/{lokasi}
/pembuatan-website/bandung,pageLocation,pembuatan-website,yes,bandung,Template Pembuatan Website,Pembuatan Website Bandung,/pembuatan-website/{lokasi}
/pembuatan-website/banjarmasin,pageLocation,pembuatan-website,yes,banjarmasin,Template Pembuatan Website,Pembuatan Website Banjarmasin,/pembuatan-website/{lokasi}
/pembuatan-website/bengkulu,pageLocation,pembuatan-website,yes,bengkulu,Template Pembuatan Website,Pembuatan Website Bengkulu,/pembuatan-website/{lokasi}
/pembuatan-website/denpasar,pageLocation,pembuatan-website,yes,denpasar,Template Pembuatan Website,Pembuatan Website Denpasar,/pembuatan-website/{lokasi}
/pembuatan-website/gorontalo,pageLocation,pembuatan-website,yes,gorontalo,Template Pembuatan Website,Pembuatan Website Gorontalo,/pembuatan-website/{lokasi}
/pembuatan-website/harga,serviceLocation,pembuatan-website,no,,Template Pembuatan Website,Harga,
/pembuatan-website/jakarta,pageLocation,pembuatan-website,yes,jakarta,Template Pembuatan Website,Pembuatan Website Jakarta,/pembuatan-website/{lokasi}
/pembuatan-website/jambi,pageLocation,pembuatan-website,yes,jambi,Template Pembuatan Website,Pembuatan Website Jambi,/pembuatan-website/{lokasi}
/pembuatan-website/jasa-migrasi-wordpress,serviceLocation,pembuatan-website,no,,Template Pembuatan Website,Jasa Migrasi Wordpress,
/pembuatan-website/jasa-pembuatan-website-company-profile,serviceLocation,pembuatan-website,no,,Template Pembuatan Website,Jasa Pembuatan Website Company Profile,
/pembuatan-website/jasa-pembuatan-website-dokter-klinik,serviceLocation,pembuatan-website,no,,Template Pembuatan Website,Jasa Pembuatan Website Dokter Klinik,
/pembuatan-website/jasa-pembuatan-website-expedisi,serviceLocation,pembuatan-website,no,,Template Pembuatan Website,Jasa Pembuatan Website Expedisi,
/pembuatan-website/jasa-pembuatan-website-komunitas-ngo,serviceLocation,pembuatan-website,no,,Template Pembuatan Website,Jasa Pembuatan Website Komunitas Ngo,
/pembuatan-website/jasa-pembuatan-website-konstruksi,serviceLocation,pembuatan-website,no,,Template Pembuatan Website,Jasa Pembuatan Website Konstruksi,
/pembuatan-website/jasa-pembuatan-website-sekolah,serviceLocation,pembuatan-website,no,,Template Pembuatan Website,Jasa Pembuatan Website Sekolah,
/pembuatan-website/jasa-pembuatan-website-toko-online,serviceLocation,pembuatan-website,no,,Template Pembuatan Website,Jasa Pembuatan Website Toko Online,
/pembuatan-website/jayapura,pageLocation,pembuatan-website,yes,jayapura,Template Pembuatan Website,Pembuatan Website Jayapura,/pembuatan-website/{lokasi}
/pembuatan-website/kendari,pageLocation,pembuatan-website,yes,kendari,Template Pembuatan Website,Pembuatan Website Kendari,/pembuatan-website/{lokasi}
/pembuatan-website/kupang,pageLocation,pembuatan-website,yes,kupang,Template Pembuatan Website,Pembuatan Website Kupang,/pembuatan-website/{lokasi}
/pembuatan-website/makassar,pageLocation,pembuatan-website,yes,makassar,Template Pembuatan Website,Pembuatan Website Makassar,/pembuatan-website/{lokasi}
/pembuatan-website/manado,pageLocation,pembuatan-website,yes,manado,Template Pembuatan Website,Pembuatan Website Manado,/pembuatan-website/{lokasi}
/pembuatan-website/manokwari,pageLocation,pembuatan-website,yes,manokwari,Template Pembuatan Website,Pembuatan Website Manokwari,/pembuatan-website/{lokasi}
/pembuatan-website/mataram,pageLocation,pembuatan-website,yes,mataram,Template Pembuatan Website,Pembuatan Website Mataram,/pembuatan-website/{lokasi}
/pembuatan-website/medan,pageLocation,pembuatan-website,yes,medan,Template Pembuatan Website,Pembuatan Website Medan,/pembuatan-website/{lokasi}
/pembuatan-website/padang,pageLocation,pembuatan-website,yes,padang,Template Pembuatan Website,Pembuatan Website Padang,/pembuatan-website/{lokasi}
/pembuatan-website/palangkaraya,pageLocation,pembuatan-website,yes,palangkaraya,Template Pembuatan Website,Pembuatan Website Palangkaraya,/pembuatan-website/{lokasi}
/pembuatan-website/palembang,pageLocation,pembuatan-website,yes,palembang,Template Pembuatan Website,Pembuatan Website Palembang,/pembuatan-website/{lokasi}
/pembuatan-website/palu,pageLocation,pembuatan-website,yes,palu,Template Pembuatan Website,Pembuatan Website Palu,/pembuatan-website/{lokasi}
/pembuatan-website/pangkal-pinang,pageLocation,pembuatan-website,yes,pangkal-pinang,Template Pembuatan Website,Pembuatan Website Pangkal Pinang,/pembuatan-website/{lokasi}
/pembuatan-website/pekanbaru,pageLocation,pembuatan-website,yes,pekanbaru,Template Pembuatan Website,Pembuatan Website Pekanbaru,/pembuatan-website/{lokasi}
/pembuatan-website/pontianak,pageLocation,pembuatan-website,yes,pontianak,Template Pembuatan Website,Pembuatan Website Pontianak,/pembuatan-website/{lokasi}
/pembuatan-website/samarinda,pageLocation,pembuatan-website,yes,samarinda,Template Pembuatan Website,Pembuatan Website Samarinda,/pembuatan-website/{lokasi}
/pembuatan-website/semarang,pageLocation,pembuatan-website,yes,semarang,Template Pembuatan Website,Pembuatan Website Semarang,/pembuatan-website/{lokasi}
/pembuatan-website/serang,pageLocation,pembuatan-website,yes,serang,Template Pembuatan Website,Pembuatan Website Serang,/pembuatan-website/{lokasi}
/pembuatan-website/surabaya,pageLocation,pembuatan-website,yes,surabaya,Template Pembuatan Website,Pembuatan Website Surabaya,/pembuatan-website/{lokasi}
/pembuatan-website/tanjung-pinang,pageLocation,pembuatan-website,yes,tanjung-pinang,Template Pembuatan Website,Pembuatan Website Tanjung Pinang,/pembuatan-website/{lokasi}
/pembuatan-website/tanjung-selor,pageLocation,pembuatan-website,yes,tanjung-selor,Template Pembuatan Website,Pembuatan Website Tanjung Selor,/pembuatan-website/{lokasi}
/pembuatan-website/template,serviceLocation,pembuatan-website,no,,Template Pembuatan Website,Template Website,
/pembuatan-website/ternate,pageLocation,pembuatan-website,yes,ternate,Template Pembuatan Website,Pembuatan Website Ternate,/pembuatan-website/{lokasi}
/pembuatan-website/yogyakarta,pageLocation,pembuatan-website,yes,yogyakarta,Template Pembuatan Website,Pembuatan Website Yogyakarta,/pembuatan-website/{lokasi}
/percetakan,pageLocation,percetakan,no,,Template Percetakan,Percetakan Profesional,
/percetakan/cetak-al-quran,serviceLocation,percetakan,no,,Template Percetakan,Cetak Al Quran,
/percetakan/cetak-album-pernikahan,serviceLocation,percetakan,no,,Template Percetakan,Cetak Album Pernikahan,
/percetakan/cetak-banner-spanduk,serviceLocation,percetakan,no,,Template Percetakan,Cetak Banner Spanduk,
/percetakan/cetak-brosur,serviceLocation,percetakan,no,,Template Percetakan,Cetak Brosur,
/percetakan/cetak-buku,serviceLocation,percetakan,no,,Template Percetakan,Cetak Buku,
/percetakan/cetak-buku-kenangan-sekolah,serviceLocation,percetakan,no,,Template Percetakan,Cetak Buku Kenangan Sekolah,
/percetakan/cetak-company-profile,serviceLocation,percetakan,no,,Template Percetakan,Cetak Company Profile,
/percetakan/cetak-kalender,serviceLocation,percetakan,no,,Template Percetakan,Cetak Kalender,
/percetakan/cetak-kalender/ambon,serviceLocation,percetakan,yes,,Template Percetakan,Cetak Kalender Ambon,/percetakan/{service}/{lokasi}
/percetakan/cetak-kalender/balikpapan,serviceLocation,percetakan,yes,,Template Percetakan,Cetak Kalender Balikpapan,/percetakan/{service}/{lokasi}
/percetakan/cetak-kalender/banda-aceh,serviceLocation,percetakan,yes,,Template Percetakan,Cetak Kalender Banda Aceh,/percetakan/{service}/{lokasi}
/percetakan/cetak-kalender/bandar-lampung,serviceLocation,percetakan,yes,,Template Percetakan,Cetak Kalender Bandar Lampung,/percetakan/{service}/{lokasi}
/percetakan/cetak-kalender/bandung,serviceLocation,percetakan,yes,,Template Percetakan,Cetak Kalender Bandung,/percetakan/{service}/{lokasi}
/percetakan/cetak-kalender/banjarmasin,serviceLocation,percetakan,yes,,Template Percetakan,Cetak Kalender Banjarmasin,/percetakan/{service}/{lokasi}
/percetakan/cetak-kalender/bengkulu,serviceLocation,percetakan,yes,,Template Percetakan,Cetak Kalender Bengkulu,/percetakan/{service}/{lokasi}
/percetakan/cetak-kalender/denpasar,serviceLocation,percetakan,yes,,Template Percetakan,Cetak Kalender Denpasar,/percetakan/{service}/{lokasi}
/percetakan/cetak-kalender/gorontalo,serviceLocation,percetakan,yes,,Template Percetakan,Cetak Kalender Gorontalo,/percetakan/{service}/{lokasi}
/percetakan/cetak-kalender/jakarta,serviceLocation,percetakan,yes,,Template Percetakan,Cetak Kalender Jakarta,/percetakan/{service}/{lokasi}
/percetakan/cetak-kalender/jambi,serviceLocation,percetakan,yes,,Template Percetakan,Cetak Kalender Jambi,/percetakan/{service}/{lokasi}
/percetakan/cetak-kalender/jayapura,serviceLocation,percetakan,yes,,Template Percetakan,Cetak Kalender Jayapura,/percetakan/{service}/{lokasi}
/percetakan/cetak-kalender/kendari,serviceLocation,percetakan,yes,,Template Percetakan,Cetak Kalender Kendari,/percetakan/{service}/{lokasi}
/percetakan/cetak-kalender/kupang,serviceLocation,percetakan,yes,,Template Percetakan,Cetak Kalender Kupang,/percetakan/{service}/{lokasi}
/percetakan/cetak-kalender/makassar,serviceLocation,percetakan,yes,,Template Percetakan,Cetak Kalender Makassar,/percetakan/{service}/{lokasi}
/percetakan/cetak-kalender/manado,serviceLocation,percetakan,yes,,Template Percetakan,Cetak Kalender Manado,/percetakan/{service}/{lokasi}
/percetakan/cetak-kalender/manokwari,serviceLocation,percetakan,yes,,Template Percetakan,Cetak Kalender Manokwari,/percetakan/{service}/{lokasi}
/percetakan/cetak-kalender/mataram,serviceLocation,percetakan,yes,,Template Percetakan,Cetak Kalender Mataram,/percetakan/{service}/{lokasi}
/percetakan/cetak-kalender/medan,serviceLocation,percetakan,yes,,Template Percetakan,Cetak Kalender Medan,/percetakan/{service}/{lokasi}
/percetakan/cetak-kalender/padang,serviceLocation,percetakan,yes,,Template Percetakan,Cetak Kalender Padang,/percetakan/{service}/{lokasi}
/percetakan/cetak-kalender/palangkaraya,serviceLocation,percetakan,yes,,Template Percetakan,Cetak Kalender Palangkaraya,/percetakan/{service}/{lokasi}
/percetakan/cetak-kalender/palembang,serviceLocation,percetakan,yes,,Template Percetakan,Cetak Kalender Palembang,/percetakan/{service}/{lokasi}
/percetakan/cetak-kalender/palu,serviceLocation,percetakan,yes,,Template Percetakan,Cetak Kalender Palu,/percetakan/{service}/{lokasi}
/percetakan/cetak-kalender/pangkal-pinang,serviceLocation,percetakan,yes,,Template Percetakan,Cetak Kalender Pangkal Pinang,/percetakan/{service}/{lokasi}
/percetakan/cetak-kalender/pekanbaru,serviceLocation,percetakan,yes,,Template Percetakan,Cetak Kalender Pekanbaru,/percetakan/{service}/{lokasi}
/percetakan/cetak-kalender/pontianak,serviceLocation,percetakan,yes,,Template Percetakan,Cetak Kalender Pontianak,/percetakan/{service}/{lokasi}
/percetakan/cetak-kalender/samarinda,serviceLocation,percetakan,yes,,Template Percetakan,Cetak Kalender Samarinda,/percetakan/{service}/{lokasi}
/percetakan/cetak-kalender/semarang,serviceLocation,percetakan,yes,,Template Percetakan,Cetak Kalender Semarang,/percetakan/{service}/{lokasi}
/percetakan/cetak-kalender/serang,serviceLocation,percetakan,yes,,Template Percetakan,Cetak Kalender Serang,/percetakan/{service}/{lokasi}
/percetakan/cetak-kalender/surabaya,serviceLocation,percetakan,yes,,Template Percetakan,Cetak Kalender Surabaya,/percetakan/{service}/{lokasi}
/percetakan/cetak-kalender/tanjung-pinang,serviceLocation,percetakan,yes,,Template Percetakan,Cetak Kalender Tanjung Pinang,/percetakan/{service}/{lokasi}
/percetakan/cetak-kalender/tanjung-selor,serviceLocation,percetakan,yes,,Template Percetakan,Cetak Kalender Tanjung Selor,/percetakan/{service}/{lokasi}
/percetakan/cetak-kalender/ternate,serviceLocation,percetakan,yes,,Template Percetakan,Cetak Kalender Ternate,/percetakan/{service}/{lokasi}
/percetakan/cetak-kalender/yogyakarta,serviceLocation,percetakan,yes,,Template Percetakan,Cetak Kalender Yogyakarta,/percetakan/{service}/{lokasi}
/percetakan/cetak-kaos,serviceLocation,percetakan,no,,Template Percetakan,Cetak Kaos,
/percetakan/cetak-kartu-nama,serviceLocation,percetakan,no,,Template Percetakan,Cetak Kartu Nama,
/percetakan/cetak-kemasan-product,serviceLocation,percetakan,no,,Template Percetakan,Cetak Kemasan Product,
/percetakan/cetak-stiker,serviceLocation,percetakan,no,,Template Percetakan,Cetak Stiker,
/percetakan/cetak-undangan,serviceLocation,percetakan,no,,Template Percetakan,Cetak Undangan,
/percetakan/cetak-yasin,serviceLocation,percetakan,no,,Template Percetakan,Cetak Yasin,
/privacy,pageLocation,privacy,no,,Template Generic Company,Kebijakan Privasi,
/sistem-pos,pageLocation,sistem-pos,no,,Template Software,Sistem POS,
/software,pageLocation,software,no,,Template Software,Software Custom untuk Operasional,
/software/implementasi-software,serviceLocation,software,no,,Template Software,Implementasi Software,
/software/instalasi-software,serviceLocation,software,no,,Template Software,Instalasi Software,
/software/pembuatan-software,serviceLocation,software,no,,Template Software,Pembuatan Software,
