source,destination,permanent,enabled,reason,queueOrder
/service/jasa-pembuatan-software-surabaya,/services/jasa-pembuatan-software-surabaya,true,true,service_namespace_merge,1
/pembuatan-website/toko-online,/services/jasa-pembuatan-website-surabaya,true,true,landing_cluster_to_service_canonical,2
/digital-product/jual-dvd-game-surabaya-jasa-install-game-pc-surabaya-terbaru,/products/category/karaoke,true,true,legacy_digital_product_to_products_category,3
/product/pc-rakitan-gaming-amd-am4-ryzen-7-2700-ssd-120gb-8gb-500gb,/products/pc-rakitan-gaming-amd-am4-ryzen-7-2700-ssd-120gb-8gb-500gb,true,true,product_singular_to_plural,4
/pembuatan-website/harga,/services/jasa-pembuatan-website-surabaya,true,true,landing_cluster_to_service_canonical,5
/it-services/jasa-install-game-dan-isi-game-surabaya,/services/jasa-install-game-dan-isi-game-surabaya,true,true,service_namespace_merge,6
/it-services/jasa-pembuatan-software-surabaya,/services/jasa-pembuatan-software-surabaya,true,true,service_namespace_merge,7
/it-services/jasa-install-ulang-windows-surabaya,/services/jasa-install-ulang-windows-surabaya,true,true,service_namespace_merge,8
/product/pc-rakitan-core-i3-4160-gen-4-4gb-500gb-rakit-pc-surabaya,/products/pc-rakitan-core-i3-4160-gen-4-4gb-500gb-rakit-pc-surabaya,true,true,product_singular_to_plural,9
/product/pc-rakitan-core-i3-3210-gen-3-4gb-500gb-rakit-pc-surabaya,/products/pc-rakitan-core-i3-3210-gen-3-4gb-500gb-rakit-pc-surabaya,true,true,product_singular_to_plural,10
/product/pc-rakitan-gaming-ryzen-3-2200g-ssd-120gb-8gb-500gb,/products/pc-rakitan-gaming-ryzen-3-2200g-ssd-120gb-8gb-500gb,true,true,product_singular_to_plural,12
/product/hardisk-5tb-63-ribu-lagu-karaoke-klipasli-software-full-ribuan-film,/products/hardisk-5tb-63-ribu-lagu-karaoke-klipasli-software-full-ribuan-film,true,true,product_singular_to_plural,13
/product/pc-rakitan-gaming-core-i7-8700-ssd-120gb-8gb-gtx-1650-4gb,/products/pc-rakitan-gaming-core-i7-8700-ssd-120gb-8gb-gtx-1650-4gb,true,true,product_singular_to_plural,14
/product/pc-rakitan-gaming-core-i5-2400-ssd-120gb-8gb-500gb-nvidia-gt-1030-2gb,/products/pc-rakitan-gaming-core-i5-2400-ssd-120gb-8gb-500gb-nvidia-gt-1030-2gb,true,true,product_singular_to_plural,15
/product/pc-rakitan-core-i5-4gb-500gb-low-budget-rakit-pc-office-admin,/products/pc-rakitan-core-i5-4gb-500gb-low-budget-rakit-pc-office-admin,true,true,product_singular_to_plural,16
/product/flashdisk-sandisk-16-gb-300-lagu-karaoke-hits-update-terbaru-0,/products/flashdisk-sandisk-16-gb-300-lagu-karaoke-hits-update-terbaru-0,true,true,product_singular_to_plural,17
/product/pc-rakitan-kantor-intel-core-i3-gen2-ram-4gb-ddr3-hdd-500gb,/products/pc-rakitan-kantor-intel-core-i3-gen2-ram-4gb-ddr3-hdd-500gb,true,true,product_singular_to_plural,18
/product/pc-rakitan-player-karaoke-2tb-30-000-lagu-bukan-geisler-nakamichi,/products/pc-rakitan-player-karaoke-2tb-30-000-lagu-bukan-geisler-nakamichi,true,true,product_singular_to_plural,19
/product/1-set-pc-intel-core-i7-ram-16gb-hdd-1tb-ssd-monitor-led-19-inc-pc-only-hdd-500gb-only,/products/1-set-pc-intel-core-i7-ram-16gb-hdd-1tb-ssd-monitor-led-19-inc-pc-only-hdd-500gb-only,true,true,product_singular_to_plural,20
/posts/startup-tech-surabaya-sidoarjo,/blog/startup-tech-surabaya-sidoarjo,true,true,legacy_posts_to_blog,21
/product-tag/jasa-rakit-pc-surabaya,/products/category/jasa-rakit-pc-surabaya,true,true,product_tag_to_products_category,22
/software/pembuatan-software,/services/pembuatan-software,true,true,service_namespace_merge,23
/product/pc-cpu-core-i5-2400-led-24-in-lg-keymouse-ram-8gb-hdd-500gb,/products/pc-cpu-core-i5-2400-led-24-in-lg-keymouse-ram-8gb-hdd-500gb,true,true,product_singular_to_plural,24
/product/pc-rakitan-player-karaoke-1tb-15-000-lagu-bukan-geisler-nakamichi,/products/pc-rakitan-player-karaoke-1tb-15-000-lagu-bukan-geisler-nakamichi,true,true,product_singular_to_plural,25
/product/pc-intel-core-i7-6700-ram-32gb-ssd-1tb-monitor-led-24-inc,/products/pc-intel-core-i7-6700-ram-32gb-ssd-1tb-monitor-led-24-inc,true,true,product_singular_to_plural,26
/product/pc-karaoke-2tb-monitor-touchscreen-audiobank-kjb-nakamichi,/products/pc-karaoke-2tb-monitor-touchscreen-audiobank-kjb-nakamichi,true,true,product_singular_to_plural,27
/product/paket-speaker-karaoke-jbl-rma-220a-mk10pak-original-10-inch,/products/paket-speaker-karaoke-jbl-rma-220a-mk10pak-original-10-inch,true,true,product_singular_to_plural,28
/product/amd-ryzen-7-ram-16gb-vga-rx-550-4gb-ddr5-ssd-1tb,/products/amd-ryzen-7-ram-16gb-vga-rx-550-4gb-ddr5-ssd-1tb,true,true,product_singular_to_plural,29
/pembuatan-website/surabaya,/services/jasa-pembuatan-website-surabaya,true,true,landing_cluster_to_service_canonical,30
/product/pc-gaming-intel-core-i5-4460-ram-16gb-vga-rx-4gb-ddr5-ssd-512gb,/products/pc-gaming-intel-core-i5-4460-ram-16gb-vga-rx-4gb-ddr5-ssd-512gb,true,true,product_singular_to_plural,31
/product-tag/jual-pc-rakitan-murah-lumajang,/products/category/jual-pc-rakitan-murah-lumajang,true,true,product_tag_to_products_category,32
/product-tag/jual-pc-rakitan-murah-madiun,/products/category/jual-pc-rakitan-murah-madiun,true,true,product_tag_to_products_category,34
/jasa-cetak-buku-morowali-utara/cetak,/services/printing-services,true,true,printing_cluster_to_service_canonical,35
/product-tag/jual-pc-rakitan-murah-mojokerto/page/2,/products/category/jual-pc-rakitan-murah-mojokerto,true,true,product_tag_to_products_category,36
/product-tag/jual-komputer-rakitan-murah-madiun,/products/category/jual-komputer-rakitan-murah-madiun,true,true,product_tag_to_products_category,37
/product/usb-flashdisk-64gb-1200-lagu-karaoke-klip-asli-software-full-v-0,/products/usb-flashdisk-64gb-1200-lagu-karaoke-klip-asli-software-full-v-0,true,true,product_singular_to_plural,38
/product/cpu-core-i7-2600-fullset-ram-4gb-hdd-500gb-led-19in-lg-keymouse,/products/cpu-core-i7-2600-fullset-ram-4gb-hdd-500gb-led-19in-lg-keymouse,true,true,product_singular_to_plural,39
/product-tag/jual-pc-rakitan-murah-mojokerto,/products/category/jual-pc-rakitan-murah-mojokerto,true,true,product_tag_to_products_category,40
/product-tag/jual-komputer-rakitan-murah-tulungagung/page/2,/products/category/jual-komputer-rakitan-murah-tulungagung,true,true,product_tag_to_products_category,41
/product/hardisk-wd-3tb-new-62rb-lagu-karaoke-klip-asli-2019-software-full,/products/hardisk-wd-3tb-new-62rb-lagu-karaoke-klip-asli-2019-software-full,true,true,product_singular_to_plural,42
/product-tag/jasa-rakit-pc-murah-gresik,/products/category/jasa-rakit-pc-murah-gresik,true,true,product_tag_to_products_category,43
/product-tag/jual-komputer-rakitan-murah-bojonegoro,/products/category/jual-komputer-rakitan-murah-bojonegoro,true,true,product_tag_to_products_category,45
/product-tag/jual-pc-rakitan-murah-kediri/page/2,/products/category/jual-pc-rakitan-murah-kediri,true,true,product_tag_to_products_category,46
/product/pc-rakitan-gaming-core-i3-9100f-ssd-120gb-8gb-gtx-1650-4gb,/products/pc-rakitan-gaming-core-i3-9100f-ssd-120gb-8gb-gtx-1650-4gb,true,true,product_singular_to_plural,47
/product-tag/jasa-rakit-pc-sidoarjo/page/2,/products/category/jasa-rakit-pc-sidoarjo,true,true,product_tag_to_products_category,48
/pembuatan-website/sidoarjo,/services/jasa-pembuatan-website-surabaya,true,true,landing_cluster_to_service_canonical,49
/product/pc-rakitan-core-i5-lengkap-siap-pakai-untuk-office-admin,/products/pc-rakitan-core-i5-lengkap-siap-pakai-untuk-office-admin,true,true,product_singular_to_plural,50
/product/pc-intel-core-i5-ram-32gb-ddr4-ssd-512gb-garansi,/products/pc-intel-core-i5-ram-32gb-ddr4-ssd-512gb-garansi,true,true,product_singular_to_plural,52
/digital-product/jasa-isi-film-surabaya,/products/category/karaoke,true,true,legacy_digital_product_to_products_category,53
/product/hardisk-internal-4tb-film-hd-game-pc-konser-musik-fitness-tra-0,/products/hardisk-internal-4tb-film-hd-game-pc-konser-musik-fitness-tra-0,true,true,product_singular_to_plural,54
/product/pc-gaming-intel-core-i7-6700-ram-32gb-ddr4-vga-8gb-ddr5-hdd-1tbssd-8gb-ddr4-vga-onboard-hd,/products/pc-gaming-intel-core-i7-6700-ram-32gb-ddr4-vga-8gb-ddr5-hdd-1tbssd-8gb-ddr4-vga-onboard-hd,true,true,product_singular_to_plural,55
/product/rakit-pc-core-i5-4460-4gb-500gb-pc-rakitan-office-surabaya,/products/rakit-pc-core-i5-4460-4gb-500gb-pc-rakitan-office-surabaya,true,true,product_singular_to_plural,56
/rekomendasi-rakit-pc-5-jutaan/comment-page-1,/rekomendasi-rakit-pc-5-jutaan,true,true,comment_pagination_to_canonical_post,58
/product/1set-pc-gaming-core-i5-3470-ram-16gb-vga-gtx-4gb-ddr5-monitor-22-inc,/products/1set-pc-gaming-core-i5-3470-ram-16gb-vga-gtx-4gb-ddr5-monitor-22-inc,true,true,product_singular_to_plural,59
/product/rakit-pc-core-i3-2120-4gb-500gb-pc-rakitan-surabaya,/products/rakit-pc-core-i3-2120-4gb-500gb-pc-rakitan-surabaya,true,true,product_singular_to_plural,60
/product/kalender-dinding-2,/products/kalender-dinding-2,true,true,product_singular_to_plural,61
/shop/page/5,/blog,true,true,pagination_to_canonical_listing,62
/product-tag/jual-komputer-rakitan-murah-banyuwangi,/products/category/jual-komputer-rakitan-murah-banyuwangi,true,true,product_tag_to_products_category,63
/posts/smart-city-surabaya-teknologi,/blog/smart-city-surabaya-teknologi,true,true,legacy_posts_to_blog,64
/product-tag/jual-komputer-rakitan-murah-ngawi/page/2,/products/category/jual-komputer-rakitan-murah-ngawi,true,true,product_tag_to_products_category,65
/product/rakit-pc-core-i5-4gb-500gb-pc-rakitan-office-surabaya,/products/rakit-pc-core-i5-4gb-500gb-pc-rakitan-office-surabaya,true,true,product_singular_to_plural,66
/product-tag/jual-pc-rakitan-murah-magetan-pamekasan,/products/category/jual-pc-rakitan-murah-magetan-pamekasan,true,true,product_tag_to_products_category,67
/product-tag/jual-pc-rakitan-murah-madura/page/2,/products/category/jual-pc-rakitan-murah-madura,true,true,product_tag_to_products_category,68
/posts/toko-online-surabaya,/blog/toko-online-surabaya,true,true,legacy_posts_to_blog,69
/shop/page/8,/blog,true,true,pagination_to_canonical_listing,70
/product-tag/jual-komputer-rakitan-gresik/page/2,/products/category/jual-komputer-rakitan-gresik,true,true,product_tag_to_products_category,71
/product-category/karaoke,/products/category/karaoke,true,true,legacy_product_category_to_products_category,72
/product/kalender-dinding,/products/kalender-dinding,true,true,product_singular_to_plural,74
/product/hardisk-internal-1tb-20-ribu-lagu-karaoke-plus-software-karaok-0,/products/hardisk-internal-1tb-20-ribu-lagu-karaoke-plus-software-karaok-0,true,true,product_singular_to_plural,75
/product-tag/jual-pc-rakitan-murah-madura,/products/category/jual-pc-rakitan-murah-madura,true,true,product_tag_to_products_category,76
/tag/jasa-recovery-data-laptop-murah-madiun,/services/it-support,true,true,legacy_tag_it_support_intent_to_service,77
/shop/page/3,/blog,true,true,pagination_to_canonical_listing,80
/product/hardisk-eksternal-4tb-full-film-hd-game-pc-konser-musik-fitnes-0,/products/hardisk-eksternal-4tb-full-film-hd-game-pc-konser-musik-fitnes-0,true,true,product_singular_to_plural,81
/product/hardisk-eksternal-1tb-full-isi-film-hd-game-pc-dan-lainnya-0,/products/hardisk-eksternal-1tb-full-isi-film-hd-game-pc-dan-lainnya-0,true,true,product_singular_to_plural,82
/product/pc-intel-core-i7-monitor,/products/pc-intel-core-i7-monitor,true,true,product_singular_to_plural,83
/product-tag/jual-pc-rakitan-murah-nganjuk/page/2,/products/category/jual-pc-rakitan-murah-nganjuk,true,true,product_tag_to_products_category,84
/product-tag/jual-pc-rakitan-murah-blitar/page/2,/products/category/jual-pc-rakitan-murah-blitar,true,true,product_tag_to_products_category,85
/product/low-budget-pc-rakitan-gaming-core-i5-2400-8gb-1030-2gb-rakit-pc-2,/products/low-budget-pc-rakitan-gaming-core-i5-2400-8gb-1030-2gb-rakit-pc-2,true,true,product_singular_to_plural,86
/product/pc-server-anbk-unbk-intel-xeon-8-cpus-ram-16gb-hdd-1tb-dual-lan,/products/pc-server-anbk-unbk-intel-xeon-8-cpus-ram-16gb-hdd-1tb-dual-lan,true,true,product_singular_to_plural,87
/product-tag/jual-pc-rakitan-murah-malang,/products/category/jual-pc-rakitan-murah-malang,true,true,product_tag_to_products_category,88
/product/pc-karaoke-1tb-slim-15000-lagu-not-audiobank-kjb-nakamichi-geisler,/products/pc-karaoke-1tb-slim-15000-lagu-not-audiobank-kjb-nakamichi-geisler,true,true,product_singular_to_plural,89
/product/rakit-pc-gaming-ryzen-3-2200g-ssd-gtx-1650-4gb-120gb-8gb-500gb,/products/rakit-pc-gaming-ryzen-3-2200g-ssd-gtx-1650-4gb-120gb-8gb-500gb,true,true,product_singular_to_plural,90
/product-tag/jual-pc-rakitan-murah-madiun/page/2,/products/category/jual-pc-rakitan-murah-madiun,true,true,product_tag_to_products_category,91
/product-tag/jual-komputer-rakitan-murah-sampang/page/2,/products/category/jual-komputer-rakitan-murah-sampang,true,true,product_tag_to_products_category,92
/product/pc-karaoke-4tb-60000-lagu-film-audiobank-kjb-nakamichi-geisler,/products/pc-karaoke-4tb-60000-lagu-film-audiobank-kjb-nakamichi-geisler,true,true,product_singular_to_plural,94
/product/pc-rakitan-gaming-ryzen-5-2200g-8gb-500gb-rakit-pc-surabaya-2,/products/pc-rakitan-gaming-ryzen-5-2200g-8gb-500gb-rakit-pc-surabaya-2,true,true,product_singular_to_plural,95
/pembuatan-website/sekolah,/services/jasa-pembuatan-website-surabaya,true,true,landing_cluster_to_service_canonical,96
/product-tag/jual-komputer-rakitan-murah-bondowoso,/products/category/jual-komputer-rakitan-murah-bondowoso,true,true,product_tag_to_products_category,97
/product/pc-rakitan-core-i3-2gb-500gb-low-budget-rakit-pc-office-admin,/products/pc-rakitan-core-i3-2gb-500gb-low-budget-rakit-pc-office-admin,true,true,product_singular_to_plural,98
/posts/server-maintenance-surabaya,/blog/server-maintenance-surabaya,true,true,legacy_posts_to_blog,99
/product/hardisk-internal-2tb-40-ribu-lagu-karaoke-klipasli-update-soft-0,/products/hardisk-internal-2tb-40-ribu-lagu-karaoke-klipasli-update-soft-0,true,true,product_singular_to_plural,100
/product-tag/jual-komputer-rakitan-murah-jombang/page/2,/products/category/jual-komputer-rakitan-murah-jombang,true,true,product_tag_to_products_category,102
/product/pc-rakitan-gaming-core-i5-2400-8gb-500gb-with-nvidia-gt-1030-2gb-ddr5,/products/pc-rakitan-gaming-core-i5-2400-8gb-500gb-with-nvidia-gt-1030-2gb-ddr5,true,true,product_singular_to_plural,103
/product/pc-rakitan-core-i3-4gb-500gb-siap-pakai-untuk-office-admin,/products/pc-rakitan-core-i3-4gb-500gb-siap-pakai-untuk-office-admin,true,true,product_singular_to_plural,104
/product-tag/jasa-rakit-pc-sidoarjo,/products/category/jasa-rakit-pc-sidoarjo,true,true,product_tag_to_products_category,105
/product/pc-karaoke-4tb-slim-monitor-touchscreen-paket-bmb-speaker,/products/pc-karaoke-4tb-slim-monitor-touchscreen-paket-bmb-speaker,true,true,product_singular_to_plural,106
/product/pc-karaoke-2tb-slim-monitor-touchscreen-paket-bmb-speaker,/products/pc-karaoke-2tb-slim-monitor-touchscreen-paket-bmb-speaker,true,true,product_singular_to_plural,107
/posts/panduan-memilih-sistem-pos-untuk-umkm,/blog/panduan-memilih-sistem-pos-untuk-umkm,true,true,legacy_posts_to_blog,108
/product-tag/jual-komputer-rakitan-murah-nganjuk,/products/category/jual-komputer-rakitan-murah-nganjuk,true,true,product_tag_to_products_category,109
/product/pc-amd-ryzen-5-ram-32gb-ssd-512gb-monitor-27inc,/products/pc-amd-ryzen-5-ram-32gb-ssd-512gb-monitor-27inc,true,true,product_singular_to_plural,110
/product-tag/jual-pc-rakitan-murah-jember,/products/category/jual-pc-rakitan-murah-jember,true,true,product_tag_to_products_category,111
/product-tag/jual-pc-rakitan-murah-blitar,/products/category/jual-pc-rakitan-murah-blitar,true,true,product_tag_to_products_category,113
/product/pc-rakitan-player-karaoke-4tb-60-000-lagu-bukan-geisler-nakamichi,/products/pc-rakitan-player-karaoke-4tb-60-000-lagu-bukan-geisler-nakamichi,true,true,product_singular_to_plural,114
/posts/konsultan-it-sidoarjo-terpercaya,/blog/konsultan-it-sidoarjo-terpercaya,true,true,legacy_posts_to_blog,115
/product/pc-karaoke-4tb-monitor-touchscreen-audiobank-kjb-nakamichi-geisler,/products/pc-karaoke-4tb-monitor-touchscreen-audiobank-kjb-nakamichi-geisler,true,true,product_singular_to_plural,116
/percetakan/cetak-undangan,/services/printing-services,true,true,printing_cluster_to_service_canonical,117
/product-tag/jual-komputer-rakitan-murah-trenggalek/page/2,/products/category/jual-komputer-rakitan-murah-trenggalek,true,true,product_tag_to_products_category,118
/product/pc-karaoke-4tb-slim-60000-lagu-film-audiobank-kjb-nakamichi-geisler,/products/pc-karaoke-4tb-slim-60000-lagu-film-audiobank-kjb-nakamichi-geisler,true,true,product_singular_to_plural,119
/product/paket-speaker-karaoke-bob-audio-8inc-power-amplifier-bt-2750,/products/paket-speaker-karaoke-bob-audio-8inc-power-amplifier-bt-2750,true,true,product_singular_to_plural,120
/product-tag/jual-komputer-rakitan-murah-ngawi,/products/category/jual-komputer-rakitan-murah-ngawi,true,true,product_tag_to_products_category,123
/product-tag/jual-pc-rakitan-murah-situbondo/page/2,/products/category/jual-pc-rakitan-murah-situbondo,true,true,product_tag_to_products_category,124
/product-tag/jual-pc-rakitan-murah-ngawi,/products/category/jual-pc-rakitan-murah-ngawi,true,true,product_tag_to_products_category,125
/product-tag/jual-komputer-rakitan-murah-probolinggo/page/2,/products/category/jual-komputer-rakitan-murah-probolinggo,true,true,product_tag_to_products_category,126
/product/pc-rakitan-core-2-duo-500gb-rakit-pc-office-surabaya,/products/pc-rakitan-core-2-duo-500gb-rakit-pc-office-surabaya,true,true,product_singular_to_plural,127
/product/pc-core-i7-4xxx-fullset-ram-4gb-hdd500gb-led-24in-lg-hdmi,/products/pc-core-i7-4xxx-fullset-ram-4gb-hdd500gb-led-24in-lg-hdmi,true,true,product_singular_to_plural,128
/product-tag/jual-pc-rakitan-murah-gresik,/products/category/jual-pc-rakitan-murah-gresik,true,true,product_tag_to_products_category,129
/service/cloud-services,/services/cloud-services,true,true,service_namespace_merge,130
/product/pc-intel-core-i7-ram-16gb-ssd-256gb-casing-slim-enlight,/products/pc-intel-core-i7-ram-16gb-ssd-256gb-casing-slim-enlight,true,true,product_singular_to_plural,132
/product/pc-intel-core-i7-6700-ram-ddr4-32gb-ssd-1tb,/products/pc-intel-core-i7-6700-ram-ddr4-32gb-ssd-1tb,true,true,product_singular_to_plural,133
/product-tag/jual-pc-rakitan-murah-trenggalek,/products/category/jual-pc-rakitan-murah-trenggalek,true,true,product_tag_to_products_category,134
/posts/coworking-space-tech-surabaya,/blog/coworking-space-tech-surabaya,true,true,legacy_posts_to_blog,135
/product/pc-intel-core-i7-10700f-ram-16gb-vga-rx-8-gb-ssd-512gb-hdd-1tb,/products/pc-intel-core-i7-10700f-ram-16gb-vga-rx-8-gb-ssd-512gb-hdd-1tb,true,true,product_singular_to_plural,136
/product/pc-fullset-standart-office-19in-lg-i5-gen2-ram-8gb-ddr3,/products/pc-fullset-standart-office-19in-lg-i5-gen2-ram-8gb-ddr3,true,true,product_singular_to_plural,137
/product-tag/jual-komputer-rakitan-murah-jombang,/products/category/jual-komputer-rakitan-murah-jombang,true,true,product_tag_to_products_category,138
/product-tag/jual-komputer-rakitan-murah-banyuwangi/page/2,/products/category/jual-komputer-rakitan-murah-banyuwangi,true,true,product_tag_to_products_category,139
/digital-product/list-software,/products/category/karaoke,true,true,legacy_digital_product_to_products_category,140
/product-tag/jual-pc-rakitan-murah-kediri,/products/category/jual-pc-rakitan-murah-kediri,true,true,product_tag_to_products_category,141
/product/pc-rakitan-admin-kantor-office-standart-i5-gen-2-siap-kerja,/products/pc-rakitan-admin-kantor-office-standart-i5-gen-2-siap-kerja,true,true,product_singular_to_plural,143
/tag/service-mac-gresik,/services/it-support,true,true,legacy_tag_it_support_intent_to_service,145
/product-tag/jasa-rakit-pc-surabaya/page/2,/products/category/jasa-rakit-pc-surabaya,true,true,product_tag_to_products_category,146
/product/pc-gaming-ryzen-5-ram-16gb-ddr4-ssd-512gb,/products/pc-gaming-ryzen-5-ram-16gb-ddr4-ssd-512gb,true,true,product_singular_to_plural,147
/product/pc-karaoke-1tb-15000-lagu-not-audiobank-kjb-nakamichi-geisler,/products/pc-karaoke-1tb-15000-lagu-not-audiobank-kjb-nakamichi-geisler,true,true,product_singular_to_plural,148
/product/led-monitor-lg-18-5-inch-19m38a,/products/led-monitor-lg-18-5-inch-19m38a,true,true,product_singular_to_plural,149
/product-tag/jual-pc-rakitan-murah-batu-malang,/products/category/jual-pc-rakitan-murah-batu-malang,true,true,product_tag_to_products_category,150
/product/pc-intel-core-i5-ram-8gb-vga-gtx-750-4gb-ddr5-ssd-512gb,/products/pc-intel-core-i5-ram-8gb-vga-gtx-750-4gb-ddr5-ssd-512gb,true,true,product_singular_to_plural,151
/product-tag/jual-pc-rakitan-murah-banyuwangi,/products/category/jual-pc-rakitan-murah-banyuwangi,true,true,product_tag_to_products_category,152
/service/data-security,/services/data-security,true,true,service_namespace_merge,154
/product-tag/jual-pc-rakitan-murah-jember/page/2,/products/category/jual-pc-rakitan-murah-jember,true,true,product_tag_to_products_category,155
/product-tag/jual-komputer-rakitan-murah-batu-malang/page/2,/products/category/jual-komputer-rakitan-murah-batu-malang,true,true,product_tag_to_products_category,156
/product-tag/jual-pc-rakitan-murah-probolinggo,/products/category/jual-pc-rakitan-murah-probolinggo,true,true,product_tag_to_products_category,157
/projects,/services,true,true,project_index_to_services_listing,158
/posts/jasa-it-support-surabaya-terpercaya,/blog/jasa-it-support-surabaya-terpercaya,true,true,legacy_posts_to_blog,161
/shop/page/6,/blog,true,true,pagination_to_canonical_listing,162
/product-tag/jual-pc-rakitan-murah-lamongan,/products/category/jual-pc-rakitan-murah-lamongan,true,true,product_tag_to_products_category,163
/tag/service-macbook-murah-situbondo,/services/it-support,true,true,legacy_tag_it_support_intent_to_service,164
/product/pc-core-g620-fullset-ram-4gb-hdd-500gb-led-24-in-lg-hdmi,/products/pc-core-g620-fullset-ram-4gb-hdd-500gb-led-24-in-lg-hdmi,true,true,product_singular_to_plural,165
/product-category/rakit-pc/page/5,/blog,true,true,pagination_to_canonical_listing,166
/product-category/karaoke/player-karaoke,/products/category/karaoke,true,true,legacy_product_category_to_products_category,167
/posts/backup-recovery-sistem-surabaya,/blog/backup-recovery-sistem-surabaya,true,true,legacy_posts_to_blog,168
/posts/software-development-surabaya-terbaik,/blog/software-development-surabaya-terbaik,true,true,legacy_posts_to_blog,169
/product-category/rakit-pc/rakit-pc-graphic/page/2,/blog,true,true,pagination_to_canonical_listing,170
/product-tag/jual-pc-rakitan-murah-sumenep,/products/category/jual-pc-rakitan-murah-sumenep,true,true,product_tag_to_products_category,171
/tag/jasa-recovery-data-laptop-murah-mojokerto,/services/it-support,true,true,legacy_tag_it_support_intent_to_service,172
/product-tag/jual-komputer-rakitan-murah-bojonegoro/page/2,/products/category/jual-komputer-rakitan-murah-bojonegoro,true,true,product_tag_to_products_category,173
/product-category/rakit-pc,/products/category/rakit-pc,true,true,legacy_product_category_to_products_category,174
/product-tag/jual-pc-rakitan-murah-ponorogo/page/2,/products/category/jual-pc-rakitan-murah-ponorogo,true,true,product_tag_to_products_category,175
/product/pc-karaoke-2tb-monitor-touchscreen-audiobank-kjb-nakamichi-geisler,/products/pc-karaoke-2tb-monitor-touchscreen-audiobank-kjb-nakamichi-geisler,true,true,product_singular_to_plural,176
/product-tag/jual-pc-rakitan-murah-ponorogo,/products/category/jual-pc-rakitan-murah-ponorogo,true,true,product_tag_to_products_category,177
/posts/jasa-pembuatan-website-surabaya,/blog/jasa-pembuatan-website-surabaya,true,true,legacy_posts_to_blog,178
/product/komputer-pc-rakitan-office-fullset-i5-gen4-led-19in-lg,/products/komputer-pc-rakitan-office-fullset-i5-gen4-led-19in-lg,true,true,product_singular_to_plural,180
/shop/page/9,/blog,true,true,pagination_to_canonical_listing,181
/product/pc-intel-core-i7-ram-16gb-ssdhdd,/products/pc-intel-core-i7-ram-16gb-ssdhdd,true,true,product_singular_to_plural,182
/product/pc-rakitan-standart-office-fullset-19in-i3-gen2,/products/pc-rakitan-standart-office-fullset-19in-i3-gen2,true,true,product_singular_to_plural,183
/pembuatan-website/portfolio,/services/jasa-pembuatan-website-surabaya,true,true,landing_cluster_to_service_canonical,184
/product-tag/jual-komputer-rakitan-murah-pacitan,/products/category/jual-komputer-rakitan-murah-pacitan,true,true,product_tag_to_products_category,185
/product/pc-rakitan-core-i5-2400-ssd-120gb-4gb-500gb-design-office-admin-n,/products/pc-rakitan-core-i5-2400-ssd-120gb-4gb-500gb-design-office-admin-n,true,true,product_singular_to_plural,186
/product-category/rakit-pc/page/1,/blog,true,true,pagination_to_canonical_listing,187
/product-tag/jual-komputer-rakitan-bangil,/products/category/jual-komputer-rakitan-bangil,true,true,product_tag_to_products_category,188
/product/pc-core-i7-4xxx-fullset-ram-4gb-hdd-500gb-led-19in-lg,/products/pc-core-i7-4xxx-fullset-ram-4gb-hdd-500gb-led-19in-lg,true,true,product_singular_to_plural,189
/tag/service-laptop-pacet,/services/it-support,true,true,legacy_tag_it_support_intent_to_service,190
/product-tag/jual-komputer-rakitan-murah-magetan-pamekasan/page/2,/products/category/jual-komputer-rakitan-murah-magetan-pamekasan,true,true,product_tag_to_products_category,191
/product-tag/jual-pc-rakitan-murah-pacitan,/products/category/jual-pc-rakitan-murah-pacitan,true,true,product_tag_to_products_category,192
/product-tag/jual-pc-rakitan-banyuwangi,/products/category/jual-pc-rakitan-banyuwangi,true,true,product_tag_to_products_category,193
/product-tag/jual-komputer-rakitan-bangil/page/2,/products/category/jual-komputer-rakitan-bangil,true,true,product_tag_to_products_category,194
/product-tag/jual-pc-rakitan-murah-magetan-pamekasan/page/2,/products/category/jual-pc-rakitan-murah-magetan-pamekasan,true,true,product_tag_to_products_category,195
/product-category/rakit-pc/page/4,/blog,true,true,pagination_to_canonical_listing,196
/product-tag/jual-pc-rakitan-murah-sidoarjo/page/2,/products/category/jual-pc-rakitan-murah-sidoarjo,true,true,product_tag_to_products_category,197
/product-tag/jasa-rakit-pc-murah-gresik/page/2,/products/category/jasa-rakit-pc-murah-gresik,true,true,product_tag_to_products_category,198
/product/hardisk-internal-500gb-10-ribu-lagu-karaoke-klip-asli-software-0,/products/hardisk-internal-500gb-10-ribu-lagu-karaoke-klip-asli-software-0,true,true,product_singular_to_plural,199
/shop/page/10,/blog,true,true,pagination_to_canonical_listing,201
/tag/jual-game-pc-madiun,/products/category/rakit-pc,true,true,legacy_tag_pc_intent_to_products_category,202
/product/pc-rakitan-core-i5-2400-ssd-120gb-4gb-500gb-design-office-admin,/products/pc-rakitan-core-i5-2400-ssd-120gb-4gb-500gb-design-office-admin,true,true,product_singular_to_plural,203
/product-tag/jual-pc-rakitan-murah-lamongan/page/2,/products/category/jual-pc-rakitan-murah-lamongan,true,true,product_tag_to_products_category,204
/product/pc-rakitan-gaming-ryzen-5-2200g-8gb-500gb-rakit-pc-surabaya,/products/pc-rakitan-gaming-ryzen-5-2200g-8gb-500gb-rakit-pc-surabaya,true,true,product_singular_to_plural,205
/tag/service-macbook-murah-ngawi,/services/it-support,true,true,legacy_tag_it_support_intent_to_service,206
/tag/jasa-recovery-data-laptop-murah-ponorogo,/services/it-support,true,true,legacy_tag_it_support_intent_to_service,207
/tag/service-pc-murah-magetan-pamekasan,/products/category/rakit-pc,true,true,legacy_tag_pc_intent_to_products_category,208
/product-tag/jual-komputer-rakitan-murah-magetan-pamekasan,/products/category/jual-komputer-rakitan-murah-magetan-pamekasan,true,true,product_tag_to_products_category,209
/product/pc-rakitan-core-i7-2600-ssd-120gb-4gb-500gb-design-office-admin,/products/pc-rakitan-core-i7-2600-ssd-120gb-4gb-500gb-design-office-admin,true,true,product_singular_to_plural,210
/product-category/rakit-pc/page/2,/blog,true,true,pagination_to_canonical_listing,211
/product-tag/jual-pc-rakitan-murah-tulungagung/page/2,/products/category/jual-pc-rakitan-murah-tulungagung,true,true,product_tag_to_products_category,212
/product/pc-intel-core-i5-3470-ram-16gb-ssd-512gb,/products/pc-intel-core-i5-3470-ram-16gb-ssd-512gb,true,true,product_singular_to_plural,213
/product/pc-rakitan-khusus-office-standart-i5-4xxx,/products/pc-rakitan-khusus-office-standart-i5-4xxx,true,true,product_singular_to_plural,214
/posts/web-design-responsive-surabaya,/blog/web-design-responsive-surabaya,true,true,legacy_posts_to_blog,215
/product-category/uncategorized/page/3,/blog,true,true,pagination_to_canonical_listing,216
/product-tag/jual-komputer-rakitan-surabaya,/products/category/jual-komputer-rakitan-surabaya,true,true,product_tag_to_products_category,217
/product-tag/jual-komputer-rakitan-murah-pacitan/page/2,/products/category/jual-komputer-rakitan-murah-pacitan,true,true,product_tag_to_products_category,218
/tag/service-pc-murah-trenggalek,/products/category/rakit-pc,true,true,legacy_tag_pc_intent_to_products_category,219
/product-tag/jual-pc-rakitan-murah-situbondo,/products/category/jual-pc-rakitan-murah-situbondo,true,true,product_tag_to_products_category,221
/product-tag/jual-komputer-rakitan-banyuwangi/page/2,/products/category/jual-komputer-rakitan-banyuwangi,true,true,product_tag_to_products_category,222
/tag/service-laptop-murah-lamongan,/services/it-support,true,true,legacy_tag_it_support_intent_to_service,223
/product-tag/rakit-pc-office-and-tagged-jasa-rakit-pc-gresik/page/2,/products/category/rakit-pc-office-and-tagged-jasa-rakit-pc-gresik,true,true,product_tag_to_products_category,224
/tag/service-macbook-murah-nganjuk,/services/it-support,true,true,legacy_tag_it_support_intent_to_service,225
/product/pc-intel-core-i5-ram-16gb-hdd-500gb-ssd-vga-4gb,/products/pc-intel-core-i5-ram-16gb-hdd-500gb-ssd-vga-4gb,true,true,product_singular_to_plural,226
/tag/jasa-cetak-buku-polewali-mandar,/services/printing-services,true,true,legacy_tag_printing_intent_to_service,227
/tag/jasa-recovery-data-laptop-murah-probolinggo,/services/it-support,true,true,legacy_tag_it_support_intent_to_service,228
/download/blog,/blog,true,true,legacy_download_archive_to_blog_listing,229
/product/pc-core-i3-4xxx-fullset-ram-4gb-hdd-500gb-led-19in-lg,/products/pc-core-i3-4xxx-fullset-ram-4gb-hdd-500gb-led-19in-lg,true,true,product_singular_to_plural,230
/download/category/uncategorized,/blog,true,true,legacy_download_archive_to_blog_listing,231
/product-tag/jual-pc-rakitan-murah-surabaya,/products/category/jual-pc-rakitan-murah-surabaya,true,true,product_tag_to_products_category,232
/product-category/rakit-pc/rakit-pc-gaming,/products/category/rakit-pc,true,true,legacy_product_category_to_products_category,233
/product/pc-core-i7-4xxx-ram-4gb-hardisk-500gb,/products/pc-core-i7-4xxx-ram-4gb-hardisk-500gb,true,true,product_singular_to_plural,235
/product-category/rakit-pc-gaming,/products/category/rakit-pc,true,true,legacy_product_category_to_products_category,236
/product-category/rakit-pc/rakit-pc-gaming/page/2,/blog,true,true,pagination_to_canonical_listing,237
/tag/service-laptop-murah-mojokerto,/services/it-support,true,true,legacy_tag_it_support_intent_to_service,238
/posts/software-development-surabaya,/blog/software-development-surabaya,true,true,legacy_posts_to_blog,239
/product/pc-core-g620-630-ram-4gb-hdd-500gb-led-19-in-lg,/products/pc-core-g620-630-ram-4gb-hdd-500gb-led-19-in-lg,true,true,product_singular_to_plural,240
/tag/jasa-upgrade-ssd-macbook-murah-tuban,/services/it-support,true,true,legacy_tag_it_support_intent_to_service,241
/tag/jual-pc-rakitan-murah-nganjuk,/products/category/rakit-pc,true,true,legacy_tag_pc_intent_to_products_category,242
/tag/jasa-install-ulang-lamongan,/services/it-support,true,true,legacy_tag_it_support_intent_to_service,243
/tag/service-macbook-murah-pacitan,/services/it-support,true,true,legacy_tag_it_support_intent_to_service,244
/product/paket-speaker-karaoke-bmb-10inch-bmb-da-2700-bmb-112-mk-iii-12-inchi,/products/paket-speaker-karaoke-bmb-10inch-bmb-da-2700-bmb-112-mk-iii-12-inchi,true,true,product_singular_to_plural,245
/tag/service-laptop-murah-bojonegoro,/services/it-support,true,true,legacy_tag_it_support_intent_to_service,246
/posts/digital-transformation-umkm-surabaya,/blog/digital-transformation-umkm-surabaya,true,true,legacy_posts_to_blog,247
/tag/service-pc-murah-madiun,/products/category/rakit-pc,true,true,legacy_tag_pc_intent_to_products_category,248
/tag/service-pc-murah-sumenep,/products/category/rakit-pc,true,true,legacy_tag_pc_intent_to_products_category,249
/product-category/rakit-pc-gaming/page/2,/blog,true,true,pagination_to_canonical_listing,250
/product-tag/jual-komputer-rakitan-murah-gresik,/products/category/jual-komputer-rakitan-murah-gresik,true,true,product_tag_to_products_category,251
/shop/pc-rakitan-core-i3-4160-gen-4-4gb-500gb-rakit-pc-surabaya,/products/pc-rakitan-core-i3-4160-gen-4-4gb-500gb-rakit-pc-surabaya,true,true,legacy_shop_product_to_products_detail,252
/download/author/kotacom,/blog,true,true,legacy_download_archive_to_blog_listing,257
/product-tag/jual-pc-rakitan-murah-sumenep/page/2,/products/category/jual-pc-rakitan-murah-sumenep,true,true,product_tag_to_products_category,258
/product/pc-rakitan-core-i3-4gb-500g-lengkap-siap-pakai-untuk-office-admin,/products/pc-rakitan-core-i3-4gb-500g-lengkap-siap-pakai-untuk-office-admin,true,true,product_singular_to_plural,259
/product-tag/jual-komputer-rakitan-murah-gresik/page/2,/products/category/jual-komputer-rakitan-murah-gresik,true,true,product_tag_to_products_category,260
/product-tag/this-entry-was-posted-in-rakit-pc/page/2,/products/category/this-entry-was-posted-in-rakit-pc,true,true,product_tag_to_products_category,261
/tag/service-macbook-murah-bondowoso,/services/it-support,true,true,legacy_tag_it_support_intent_to_service,262
/shop/page/4,/blog,true,true,pagination_to_canonical_listing,263
/product-tag/jual-pc-rakitan-jember,/products/category/jual-pc-rakitan-jember,true,true,product_tag_to_products_category,264
/tag/jasa-rakit-pc-murah-magetan-pamekasan,/products/category/rakit-pc,true,true,legacy_tag_pc_intent_to_products_category,265
/product-tag/jual-komputer-rakitan-murah-kediri,/products/category/jual-komputer-rakitan-murah-kediri,true,true,product_tag_to_products_category,266
/product-tag/jual-komputer-rakitan-murah-trenggalek,/products/category/jual-komputer-rakitan-murah-trenggalek,true,true,product_tag_to_products_category,267
/product/pc-core-i7-2600-fullset-led-24in-keymouse-ram-4gb-case-standart,/products/pc-core-i7-2600-fullset-led-24in-keymouse-ram-4gb-case-standart,true,true,product_singular_to_plural,268
/tag/jasa-mengembalikan-data-yang-terhapus-banyuwangi,/services,true,true,legacy_tag_to_services_listing,269
/product/pc-rakitan-core-i5-4gb-500gb-siap-pakai-untuk-office-admin,/products/pc-rakitan-core-i5-4gb-500gb-siap-pakai-untuk-office-admin,true,true,product_singular_to_plural,270
/product/pc-intel-core-i5-10400f-ram-16gb-vga-gtx-4gb-ddr5-ssd-512ghdd-1tb,/products/pc-intel-core-i5-10400f-ram-16gb-vga-gtx-4gb-ddr5-ssd-512ghdd-1tb,true,true,product_singular_to_plural,271
/product/pc-i7-gen4-fullset-ram-8gb-hdd500gb-led-24in-lg-hdmi,/products/pc-i7-gen4-fullset-ram-8gb-hdd500gb-led-24in-lg-hdmi,true,true,product_singular_to_plural,274
/shop/page/7,/blog,true,true,pagination_to_canonical_listing,276
/posts/sistem-pos-surabaya-terbaik-untuk-umkm,/blog/sistem-pos-surabaya-terbaik-untuk-umkm,true,true,legacy_posts_to_blog,277
/product-tag/jual-komputer-rakitan-pacet/page/2,/products/category/jual-komputer-rakitan-pacet,true,true,product_tag_to_products_category,278
/product-tag/jual-komputer-rakitan-gresik,/products/category/jual-komputer-rakitan-gresik,true,true,product_tag_to_products_category,279
/tag/jasa-recovery-data-laptop-murah-ngawi,/services/it-support,true,true,legacy_tag_it_support_intent_to_service,280
/product-category/rakit-pc/rakit-pc-graphic,/products/category/rakit-pc,true,true,legacy_product_category_to_products_category,281
/posts/it-infrastructure-planning-surabaya,/blog/it-infrastructure-planning-surabaya,true,true,legacy_posts_to_blog,282
/tag/game-pc-malang,/products/category/rakit-pc,true,true,legacy_tag_pc_intent_to_products_category,283
/tag/service-mac-sidoarjo,/services/it-support,true,true,legacy_tag_it_support_intent_to_service,284
/product-tag/jual-komputer-rakitan-banyuwangi,/products/category/jual-komputer-rakitan-banyuwangi,true,true,product_tag_to_products_category,285
/product-tag/jual-pc-rakitan-murah-sidoarjo,/products/category/jual-pc-rakitan-murah-sidoarjo,true,true,product_tag_to_products_category,286
/tag/jasa-pasang-software-kasir-surabaya,/services/it-support,true,true,legacy_tag_it_support_intent_to_service,287
/product/hardisk-eksternal-2tb-film-bluray-game-pc-konser-musik-fitnes-0,/products/hardisk-eksternal-2tb-film-bluray-game-pc-konser-musik-fitnes-0,true,true,product_singular_to_plural,288
/tag/service-laptop-murah-situbondo,/services/it-support,true,true,legacy_tag_it_support_intent_to_service,289
/tag/jual-game-pc-jember,/products/category/rakit-pc,true,true,legacy_tag_pc_intent_to_products_category,290
/tag/jasa-mengembalikan-data-yang-terhapus-jember,/services,true,true,legacy_tag_to_services_listing,292
/tag/service-macbook-murah-mojokerto,/services/it-support,true,true,legacy_tag_it_support_intent_to_service,293
/tag/sewa-game-pc-gresik,/products/category/rakit-pc,true,true,legacy_tag_pc_intent_to_products_category,294
/product/pc-rakitan-core-i3-3240-ssd-120gb-4gb-500gb-design-office-admin,/products/pc-rakitan-core-i3-3240-ssd-120gb-4gb-500gb-design-office-admin,true,true,product_singular_to_plural,295
/tag/jasa-install-os-software-macbook-gresik,/services/it-support,true,true,legacy_tag_it_support_intent_to_service,296
/tag/jual-pc-rakitan-murah-bojonegoro,/products/category/rakit-pc,true,true,legacy_tag_pc_intent_to_products_category,297
/tag/service-laptop-murah-bangkalan,/services/it-support,true,true,legacy_tag_it_support_intent_to_service,298
/product-tag/jual-komputer-rakitan-madura,/products/category/jual-komputer-rakitan-madura,true,true,product_tag_to_products_category,300
